Id,ActivityDate,TotalSteps,TotalDistance,TrackerDistance,LoggedActivitiesDistance,VeryActiveDistance,ModeratelyActiveDistance,LightActiveDistance,SedentaryActiveDistance,VeryActiveMinutes,FairlyActiveMinutes,LightlyActiveMinutes,SedentaryMinutes,TotalMinutesActive,Calories
1503960366,4/12/2016,13162,8.5,8.5,0,1.879999995,0.5500000119,6.059999943,0,25,13,328,728,1094,1985
1503960366,4/13/2016,10735,6.96999979,6.96999979,0,1.570000052,0.6899999976,4.710000038,0,21,19,217,776,1033,1797
1503960366,4/14/2016,10460,6.739999771,6.739999771,0,2.440000057,0.400000006,3.910000086,0,30,11,181,1218,1440,1776
1503960366,4/15/2016,9762,6.28000021,6.28000021,0,2.140000105,1.25999999,2.829999924,0,29,34,209,726,998,1745
1503960366,4/16/2016,12669,8.159999847,8.159999847,0,2.710000038,0.4099999964,5.039999962,0,36,10,221,773,1040,1863
1503960366,4/17/2016,9705,6.480000019,6.480000019,0,3.190000057,0.7799999714,2.50999999,0,38,20,164,539,761,1728
1503960366,4/18/2016,13019,8.590000153,8.590000153,0,3.25,0.6399999857,4.710000038,0,42,16,233,1149,1440,1921
1503960366,4/19/2016,15506,9.880000114,9.880000114,0,3.529999971,1.320000052,5.03000021,0,50,31,264,775,1120,2035
1503960366,4/20/2016,10544,6.679999828,6.679999828,0,1.960000038,0.4799999893,4.239999771,0,28,12,205,818,1063,1786
1503960366,4/21/2016,9819,6.340000153,6.340000153,0,1.340000033,0.349999994,4.650000095,0,19,8,211,838,1076,1775
1503960366,4/22/2016,12764,8.130000114,8.130000114,0,4.760000229,1.120000005,2.24000001,0,66,27,130,1217,1440,1827
1503960366,4/23/2016,14371,9.039999962,9.039999962,0,2.809999943,0.8700000048,5.360000134,0,41,21,262,732,1056,1949
1503960366,4/24/2016,10039,6.409999847,6.409999847,0,2.920000076,0.2099999934,3.279999971,0,39,5,238,709,991,1788
1503960366,4/25/2016,15355,9.800000191,9.800000191,0,5.289999962,0.5699999928,3.940000057,0,73,14,216,814,1117,2013
1503960366,4/26/2016,13755,8.789999962,8.789999962,0,2.329999924,0.9200000167,5.539999962,0,31,23,279,833,1166,1970
1503960366,4/27/2016,18134,12.21000004,12.21000004,0,6.400000095,0.4099999964,5.409999847,0,78,11,243,1108,1440,2159
1503960366,4/28/2016,13154,8.529999733,8.529999733,0,3.539999962,1.159999967,3.789999962,0,48,28,189,782,1047,1898
1503960366,4/29/2016,11181,7.150000095,7.150000095,0,1.059999943,0.5,5.579999924,0,16,12,243,815,1086,1837
1503960366,4/30/2016,14673,9.25,9.25,0,3.559999943,1.419999957,4.269999981,0,52,34,217,712,1015,1947
1503960366,5/1/2016,10602,6.809999943,6.809999943,0,2.289999962,1.600000024,2.920000076,0,33,35,246,730,1044,1820
1503960366,5/2/2016,14727,9.710000038,9.710000038,0,3.210000038,0.5699999928,5.920000076,0,41,15,277,798,1131,2004
1503960366,5/3/2016,15103,9.659999847,9.659999847,0,3.730000019,1.049999952,4.880000114,0,50,24,254,816,1144,1990
1503960366,5/4/2016,11100,7.150000095,7.150000095,0,2.460000038,0.8700000048,3.819999933,0,36,22,203,1179,1440,1819
1503960366,5/5/2016,14070,8.899999619,8.899999619,0,2.920000076,1.080000043,4.880000114,0,45,24,250,857,1176,1959
1503960366,5/6/2016,12159,8.029999733,8.029999733,0,1.970000029,0.25,5.809999943,0,24,6,289,754,1073,1896
1503960366,5/7/2016,11992,7.710000038,7.710000038,0,2.460000038,2.119999886,3.130000114,0,37,46,175,833,1091,1821
1503960366,5/8/2016,10060,6.579999924,6.579999924,0,3.529999971,0.3199999928,2.730000019,0,44,8,203,574,829,1740
1503960366,5/9/2016,12022,7.71999979,7.71999979,0,3.450000048,0.5299999714,3.74000001,0,46,11,206,835,1098,1819
1503960366,5/10/2016,12207,7.769999981,7.769999981,0,3.349999905,1.159999967,3.25999999,0,46,31,214,746,1037,1859
1503960366,5/11/2016,12770,8.130000114,8.130000114,0,2.559999943,1.00999999,4.550000191,0,36,23,251,669,979,1783
1503960366,5/12/2016,0,0,0,0,0,0,0,0,0,0,0,1440,1440,0
1624580081,4/12/2016,8163,5.309999943,5.309999943,0,0,0,5.309999943,0,0,0,146,1294,1440,1432
1624580081,4/13/2016,7007,4.550000191,4.550000191,0,0,0,4.550000191,0,0,0,148,1292,1440,1411
1624580081,4/14/2016,9107,5.920000076,5.920000076,0,0,0,5.909999847,0.009999999776,0,0,236,1204,1440,1572
1624580081,4/15/2016,1510,0.9800000191,0.9800000191,0,0,0,0.9700000286,0,0,0,96,1344,1440,1344
1624580081,4/16/2016,5370,3.49000001,3.49000001,0,0,0,3.49000001,0,0,0,176,1264,1440,1463
1624580081,4/17/2016,6175,4.059999943,4.059999943,0,1.029999971,1.519999981,1.49000001,0.009999999776,15,22,127,1276,1440,1554
1624580081,4/18/2016,10536,7.409999847,7.409999847,0,2.150000095,0.6200000048,4.619999886,0.009999999776,17,7,202,1214,1440,1604
1624580081,4/19/2016,2916,1.899999976,1.899999976,0,0,0,1.899999976,0,0,0,141,1299,1440,1435
1624580081,4/20/2016,4974,3.230000019,3.230000019,0,0,0,3.230000019,0,0,0,151,1289,1440,1446
1624580081,4/21/2016,6349,4.130000114,4.130000114,0,0,0,4.110000134,0.01999999955,0,0,186,1254,1440,1467
1624580081,4/22/2016,4026,2.619999886,2.619999886,0,0,0,2.599999905,0,0,0,199,1241,1440,1470
1624580081,4/23/2016,8538,5.550000191,5.550000191,0,0,0,5.539999962,0.009999999776,0,0,227,1213,1440,1562
1624580081,4/24/2016,6076,3.950000048,3.950000048,0,1.149999976,0.9100000262,1.889999986,0,16,18,185,1221,1440,1617
1624580081,4/25/2016,6497,4.21999979,4.21999979,0,0,0,4.199999809,0.01999999955,0,0,202,1238,1440,1492
1624580081,4/26/2016,2826,1.840000033,1.840000033,0,0,0,1.830000043,0.009999999776,0,0,140,1300,1440,1402
1624580081,4/27/2016,8367,5.440000057,5.440000057,0,1.110000014,1.870000005,2.460000038,0,17,36,154,1233,1440,1670
1624580081,4/28/2016,2759,1.789999962,1.789999962,0,0,0.200000003,1.600000024,0,0,5,115,1320,1440,1401
1624580081,4/29/2016,2390,1.549999952,1.549999952,0,0,0,1.549999952,0,0,0,150,1290,1440,1404
1624580081,4/30/2016,6474,4.300000191,4.300000191,0,0.8999999762,1.279999971,2.119999886,0.009999999776,11,23,224,1182,1440,1655
1624580081,5/1/2016,36019,28.03000069,28.03000069,0,21.92000008,4.190000057,1.909999967,0.01999999955,186,63,171,1020,1440,2690
1624580081,5/2/2016,7155,4.929999828,4.929999828,0,0.8600000143,0.5899999738,3.470000029,0,7,6,166,1261,1440,1497
1624580081,5/3/2016,2100,1.370000005,1.370000005,0,0,0,1.340000033,0.01999999955,0,0,96,1344,1440,1334
1624580081,5/4/2016,2193,1.429999948,1.429999948,0,0,0,1.419999957,0,0,0,118,1322,1440,1368
1624580081,5/5/2016,2470,1.610000014,1.610000014,0,0,0,1.580000043,0.01999999955,0,0,117,1323,1440,1370
1624580081,5/6/2016,1727,1.120000005,1.120000005,0,0,0,1.120000005,0.009999999776,0,0,102,1338,1440,1341
1624580081,5/7/2016,2104,1.370000005,1.370000005,0,0,0,1.370000005,0,0,0,182,1258,1440,1474
1624580081,5/8/2016,3427,2.230000019,2.230000019,0,0,0,2.220000029,0,0,0,152,1288,1440,1427
1624580081,5/9/2016,1732,1.129999995,1.129999995,0,0,0,1.129999995,0,0,0,91,1349,1440,1328
1624580081,5/10/2016,2969,1.929999948,1.929999948,0,0,0,1.919999957,0.009999999776,0,0,139,1301,1440,1393
1624580081,5/11/2016,3134,2.039999962,2.039999962,0,0,0,2.039999962,0,0,0,112,1328,1440,1359
1624580081,5/12/2016,2971,1.929999948,1.929999948,0,0,0,1.919999957,0.009999999776,0,0,107,890,997,1002
1644430081,4/12/2016,10694,7.769999981,7.769999981,0,0.1400000006,2.299999952,5.329999924,0,2,51,256,1131,1440,3199
1644430081,4/13/2016,8001,5.820000172,5.820000172,0,2.279999971,0.8999999762,2.640000105,0,30,16,135,1259,1440,2902
1644430081,4/14/2016,11037,8.020000458,8.020000458,0,0.3600000143,2.559999943,5.099999905,0,5,58,252,1125,1440,3226
1644430081,4/15/2016,5263,3.829999924,3.829999924,0,0.2199999988,0.150000006,3.450000048,0,3,4,170,1263,1440,2750
1644430081,4/16/2016,15300,11.11999989,11.11999989,0,4.099999905,1.879999995,5.090000153,0,51,42,212,1135,1440,3493
1644430081,4/17/2016,8757,6.369999886,6.369999886,0,2.25,0.5699999928,3.549999952,0,29,13,186,1212,1440,3011
1644430081,4/18/2016,7132,5.190000057,5.190000057,0,1.070000052,1.669999957,2.450000048,0,15,33,121,1271,1440,2806
1644430081,4/19/2016,11256,8.180000305,8.180000305,0,0.3600000143,2.529999971,5.300000191,0,5,58,278,1099,1440,3300
1644430081,4/20/2016,2436,1.769999981,1.769999981,0,0,0,1.75999999,0.009999999776,0,0,125,1315,1440,2430
1644430081,4/21/2016,1223,0.8899999857,0.8899999857,0,0,0,0.8799999952,0.009999999776,0,0,38,1402,1440,2140
1644430081,4/22/2016,3673,2.670000076,2.670000076,0,0,0,2.660000086,0.009999999776,0,0,86,1354,1440,2344
1644430081,4/23/2016,6637,4.829999924,4.829999924,0,0,0.5799999833,4.25,0,0,15,160,1265,1440,2677
1644430081,4/24/2016,3321,2.410000086,2.410000086,0,0,0,2.410000086,0,0,0,89,1351,1440,2413
1644430081,4/25/2016,3580,2.599999905,2.599999905,0,0.5899999738,0.05999999866,1.950000048,0,8,1,94,1337,1440,2497
1644430081,4/26/2016,9919,7.210000038,7.210000038,0,0.8000000119,1.720000029,4.690000057,0,11,41,223,1165,1440,3123
1644430081,4/27/2016,3032,2.200000048,2.200000048,0,0,0,2.200000048,0,0,0,118,1322,1440,2489
1644430081,4/28/2016,9405,6.840000153,6.840000153,0,0.200000003,2.319999933,4.309999943,0,3,53,227,1157,1440,3108
1644430081,4/29/2016,3176,2.309999943,2.309999943,0,0,0,2.309999943,0,0,0,120,1193,1313,2498
1644430081,4/30/2016,18213,13.23999977,13.23999977,0,0.6299999952,3.140000105,9.460000038,0,9,71,402,816,1298,3846
1644430081,5/1/2016,6132,4.460000038,4.460000038,0,0.2399999946,0.9900000095,3.230000019,0,3,24,146,908,1081,2696
1644430081,5/2/2016,3758,2.730000019,2.730000019,0,0.0700000003,0.3100000024,2.349999905,0,1,7,148,682,838,2580
1644430081,5/3/2016,12850,9.340000153,9.340000153,0,0.7200000286,4.090000153,4.539999962,0,10,94,221,1115,1440,3324
1644430081,5/4/2016,2309,1.679999948,1.679999948,0,0,0,1.659999967,0.01999999955,0,0,52,1388,1440,2222
1644430081,5/5/2016,4363,3.190000057,3.190000057,0,0.5199999809,0.5400000215,2.130000114,0.009999999776,6,12,81,1341,1440,2463
1644430081,5/6/2016,9787,7.119999886,7.119999886,0,0.8199999928,0.2700000107,6.010000229,0.01999999955,11,6,369,1054,1440,3328
1644430081,5/7/2016,13372,9.720000267,9.720000267,0,3.25999999,0.7900000215,5.670000076,0.009999999776,41,17,243,1139,1440,3404
1644430081,5/8/2016,6724,4.889999866,4.889999866,0,0,0,4.880000114,0,0,0,295,991,1286,2987
1644430081,5/9/2016,6643,4.829999924,4.829999924,0,2.390000105,0.349999994,2.089999914,0.009999999776,32,6,303,1099,1440,3008
1644430081,5/10/2016,9167,6.659999847,6.659999847,0,0.8799999952,0.8100000024,4.96999979,0.009999999776,12,19,155,1254,1440,2799
1644430081,5/11/2016,1329,0.9700000286,0.9700000286,0,0,0,0.9499999881,0.009999999776,0,0,49,713,762,1276
1844505072,4/12/2016,6697,4.429999828,4.429999828,0,0,0,4.429999828,0,0,0,339,1101,1440,2030
1844505072,4/13/2016,4929,3.25999999,3.25999999,0,0,0,3.25999999,0,0,0,248,1192,1440,1860
1844505072,4/14/2016,7937,5.25,5.25,0,0,0,5.230000019,0,0,0,373,843,1216,2130
1844505072,4/15/2016,3844,2.539999962,2.539999962,0,0,0,2.539999962,0,0,0,176,527,703,1725
1844505072,4/16/2016,3414,2.25999999,2.25999999,0,0,0,2.25999999,0,0,0,147,1293,1440,1657
1844505072,4/17/2016,4525,2.99000001,2.99000001,0,0.1400000006,0.2599999905,2.589999914,0,2,8,199,1231,1440,1793
1844505072,4/18/2016,4597,3.039999962,3.039999962,0,0,0.4799999893,2.559999943,0,0,12,217,1211,1440,1814
1844505072,4/19/2016,197,0.1299999952,0.1299999952,0,0,0,0.1299999952,0,0,0,10,1430,1440,1366
1844505072,4/20/2016,8,0.009999999776,0.009999999776,0,0,0,0.009999999776,0,0,0,1,1439,1440,1349
1844505072,4/21/2016,8054,5.320000172,5.320000172,0,0.1199999973,0.5199999809,4.679999828,0,2,13,308,1117,1440,2062
1844505072,4/22/2016,5372,3.549999952,3.549999952,0,0,0,3.549999952,0,0,0,220,1220,1440,1827
1844505072,4/23/2016,3570,2.359999895,2.359999895,0,0,0,2.359999895,0,0,0,139,1301,1440,1645
1844505072,4/24/2016,0,0,0,0,0,0,0,0,0,0,0,1440,1440,1347
1844505072,4/25/2016,0,0,0,0,0,0,0,0,0,0,0,1440,1440,1347
1844505072,4/26/2016,0,0,0,0,0,0,0,0,0,0,0,1440,1440,1347
1844505072,4/27/2016,4,0,0,0,0,0,0,0,0,0,1,1439,1440,1348
1844505072,4/28/2016,6907,4.570000172,4.570000172,0,0,0,4.559999943,0,0,0,302,1138,1440,1992
1844505072,4/29/2016,4920,3.25,3.25,0,0,0,3.25,0,0,0,247,1082,1329,1856
1844505072,4/30/2016,4014,2.670000076,2.670000076,0,0,0,2.650000095,0,0,0,184,218,402,1763
1844505072,5/1/2016,2573,1.700000048,1.700000048,0,0,0.2599999905,1.450000048,0,0,7,75,585,667,1541
1844505072,5/2/2016,0,0,0,0,0,0,0,0,0,0,0,1440,1440,1348
1844505072,5/3/2016,4059,2.680000067,2.680000067,0,0,0,2.680000067,0,0,0,184,1256,1440,1742
1844505072,5/4/2016,2080,1.370000005,1.370000005,0,0,0,1.370000005,0,0,0,87,1353,1440,1549
1844505072,5/5/2016,2237,1.480000019,1.480000019,0,0,0,1.480000019,0,0,0,120,1320,1440,1589
1844505072,5/6/2016,44,0.02999999933,0.02999999933,0,0,0,0.02999999933,0,0,0,2,1438,1440,1351
1844505072,5/7/2016,0,0,0,0,0,0,0,0,0,0,0,1440,1440,1347
1844505072,5/8/2016,0,0,0,0,0,0,0,0,0,0,0,1440,1440,1347
1844505072,5/9/2016,0,0,0,0,0,0,0,0,0,0,0,1440,1440,1347
1844505072,5/10/2016,0,0,0,0,0,0,0,0,0,0,0,1440,1440,1347
1844505072,5/11/2016,0,0,0,0,0,0,0,0,0,0,0,1440,1440,1347
1844505072,5/12/2016,0,0,0,0,0,0,0,0,0,0,0,711,711,665
1927972279,4/12/2016,678,0.4699999988,0.4699999988,0,0,0,0.4699999988,0,0,0,55,734,789,2220
1927972279,4/13/2016,356,0.25,0.25,0,0,0,0.25,0,0,0,32,986,1018,2151
1927972279,4/14/2016,2163,1.5,1.5,0,0,0.400000006,1.100000024,0,0,9,88,1292,1389,2383
1927972279,4/15/2016,980,0.6800000072,0.6800000072,0,0,0,0.6800000072,0,0,0,51,941,992,2221
1927972279,4/16/2016,0,0,0,0,0,0,0,0,0,0,0,1440,1440,2064
1927972279,4/17/2016,0,0,0,0,0,0,0,0,0,0,0,1440,1440,2063
1927972279,4/18/2016,244,0.1700000018,0.1700000018,0,0,0,0.1700000018,0,0,0,17,1423,1440,2111
1927972279,4/19/2016,0,0,0,0,0,0,0,0,0,0,0,1440,1440,2063
1927972279,4/20/2016,0,0,0,0,0,0,0,0,0,0,0,1440,1440,2063
1927972279,4/21/2016,0,0,0,0,0,0,0,0,0,0,0,1440,1440,2064
1927972279,4/22/2016,149,0.1000000015,0.1000000015,0,0,0,0.1000000015,0,0,0,10,1430,1440,2093
1927972279,4/23/2016,2945,2.039999962,2.039999962,0,0,0,2.039999962,0,0,0,145,1295,1440,2499
1927972279,4/24/2016,2090,1.450000048,1.450000048,0,0.0700000003,0.2399999946,1.139999986,0,1,6,75,1358,1440,2324
1927972279,4/25/2016,152,0.1099999994,0.1099999994,0,0,0,0.1099999994,0,0,0,12,1303,1315,2100
1927972279,4/26/2016,3761,2.599999905,2.599999905,0,0,0,2.599999905,0,0,0,192,1058,1250,2638
1927972279,4/27/2016,0,0,0,0,0,0,0,0,0,0,0,1440,1440,2063
1927972279,4/28/2016,1675,1.159999967,1.159999967,0,0,0,1.159999967,0,0,0,95,1167,1262,2351
1927972279,4/29/2016,0,0,0,0,0,0,0,0,0,0,0,1440,1440,2063
1927972279,4/30/2016,0,0,0,0,0,0,0,0,0,0,0,1440,1440,2064
1927972279,5/1/2016,2704,1.870000005,1.870000005,0,1.00999999,0.02999999933,0.8299999833,0,14,1,70,1355,1440,2411
1927972279,5/2/2016,3790,2.619999886,2.619999886,0,1.159999967,0.3000000119,1.159999967,0,16,8,94,1322,1440,2505
1927972279,5/3/2016,1326,0.9200000167,0.9200000167,0,0.7300000191,0,0.1800000072,0,10,0,17,1413,1440,2195
1927972279,5/4/2016,1786,1.24000001,1.24000001,0,0,0,1.24000001,0,0,0,87,1353,1440,2338
1927972279,5/5/2016,0,0,0,0,0,0,0,0,0,0,0,1440,1440,2063
1927972279,5/6/2016,2091,1.450000048,1.450000048,0,0,0,1.450000048,0,0,0,108,1332,1440,2383
1927972279,5/7/2016,1510,1.039999962,1.039999962,0,0,0,1.039999962,0,0,0,48,1392,1440,2229
1927972279,5/8/2016,0,0,0,0,0,0,0,0,0,0,0,1440,1440,2063
1927972279,5/9/2016,0,0,0,0,0,0,0,0,0,0,0,1440,1440,2063
1927972279,5/10/2016,0,0,0,0,0,0,0,0,0,0,0,1440,1440,2063
1927972279,5/11/2016,0,0,0,0,0,0,0,0,0,0,0,1440,1440,2063
1927972279,5/12/2016,0,0,0,0,0,0,0,0,0,0,0,966,966,1383
2022484408,4/12/2016,11875,8.340000153,8.340000153,0,3.309999943,0.7699999809,4.260000229,0,42,14,227,1157,1440,2390
2022484408,4/13/2016,12024,8.5,8.5,0,2.99000001,0.1000000015,5.409999847,0,43,5,292,1100,1440,2601
2022484408,4/14/2016,10690,7.5,7.5,0,2.480000019,0.2099999934,4.820000172,0,32,3,257,1148,1440,2312
2022484408,4/15/2016,11034,8.029999733,8.029999733,0,1.940000057,0.3100000024,5.78000021,0,27,9,282,1122,1440,2525
2022484408,4/16/2016,10100,7.090000153,7.090000153,0,3.150000095,0.5500000119,3.390000105,0,41,11,151,1237,1440,2177
2022484408,4/17/2016,15112,11.39999962,11.39999962,0,3.869999886,0.6600000262,6.880000114,0,28,29,331,1052,1440,2782
2022484408,4/18/2016,14131,10.06999969,10.06999969,0,3.640000105,0.1199999973,6.300000191,0,48,3,311,1078,1440,2770
2022484408,4/19/2016,11548,8.529999733,8.529999733,0,3.289999962,0.2399999946,5,0,31,7,250,1152,1440,2489
2022484408,4/20/2016,15112,10.67000008,10.67000008,0,3.339999914,1.929999948,5.400000095,0,48,63,276,1053,1440,2897
2022484408,4/21/2016,12453,8.739999771,8.739999771,0,3.329999924,1.110000014,4.309999943,0,104,53,255,1028,1440,3158
2022484408,4/22/2016,12954,9.329999924,9.329999924,0,4.429999828,0.4199999869,4.46999979,0,52,10,273,1105,1440,2638
2022484408,4/23/2016,6001,4.210000038,4.210000038,0,0,0,4.210000038,0,0,0,249,1191,1440,2069
2022484408,4/24/2016,13481,10.27999973,10.27999973,0,4.550000191,1.149999976,4.579999924,0,37,26,216,1161,1440,2529
2022484408,4/25/2016,11369,8.010000229,8.010000229,0,3.329999924,0.2199999988,4.460000038,0,44,8,217,1171,1440,2470
2022484408,4/26/2016,10119,7.190000057,7.190000057,0,1.429999948,0.6600000262,5.110000134,0,55,24,275,1086,1440,2793
2022484408,4/27/2016,10159,7.130000114,7.130000114,0,1.039999962,0.9700000286,5.119999886,0,19,20,282,1119,1440,2463
2022484408,4/28/2016,10140,7.119999886,7.119999886,0,0.4099999964,1.330000043,5.389999866,0,6,20,291,1123,1440,2296
2022484408,4/29/2016,10245,7.190000057,7.190000057,0,0.4799999893,1.210000038,5.5,0,21,40,281,1098,1440,2611
2022484408,4/30/2016,18387,12.90999985,12.90999985,0,0.9399999976,1.399999976,10.56999969,0,13,23,361,1043,1440,2732
2022484408,5/1/2016,10538,7.400000095,7.400000095,0,1.940000057,0.9599999785,4.5,0,25,28,245,1142,1440,2380
2022484408,5/2/2016,10379,7.289999962,7.289999962,0,2.609999895,0.3400000036,4.329999924,0,36,8,277,1119,1440,2473
2022484408,5/3/2016,12183,8.739999771,8.739999771,0,3.99000001,0.4600000083,4.28000021,0,72,14,250,1104,1440,2752
2022484408,5/4/2016,11768,8.289999962,8.289999962,0,2.50999999,0.9300000072,4.849999905,0,36,27,272,1105,1440,2649
2022484408,5/5/2016,11895,8.350000381,8.350000381,0,2.789999962,0.8600000143,4.699999809,0,55,20,253,1112,1440,2609
2022484408,5/6/2016,10227,7.179999828,7.179999828,0,1.870000005,0.6700000167,4.639999866,0,24,17,295,1104,1440,2498
2022484408,5/7/2016,6708,4.710000038,4.710000038,0,1.610000014,0.07999999821,3.019999981,0,20,2,149,1269,1440,1995
2022484408,5/8/2016,3292,2.309999943,2.309999943,0,0,0,2.309999943,0,0,0,135,1305,1440,1848
2022484408,5/9/2016,13379,9.390000343,9.390000343,0,2.119999886,1.629999995,5.639999866,0,35,47,297,1061,1440,2709
2022484408,5/10/2016,12798,8.979999542,8.979999542,0,2.220000029,1.210000038,5.559999943,0,57,28,271,1084,1440,2797
2022484408,5/11/2016,13272,9.319999695,9.319999695,0,4.179999828,1.149999976,3.99000001,0,58,25,224,1133,1440,2544
2022484408,5/12/2016,9117,6.409999847,6.409999847,0,1.279999971,0.6700000167,4.440000057,0,16,16,236,728,996,1853
2026352035,4/12/2016,4414,2.74000001,2.74000001,0,0.1899999976,0.349999994,2.200000048,0,3,8,181,706,898,1459
2026352035,4/13/2016,4993,3.099999905,3.099999905,0,0,0,3.099999905,0,0,0,238,663,901,1521
2026352035,4/14/2016,3335,2.069999933,2.069999933,0,0,0,2.049999952,0,0,0,197,653,850,1431
2026352035,4/15/2016,3821,2.369999886,2.369999886,0,0,0,2.369999886,0,0,0,188,687,875,1444
2026352035,4/16/2016,2547,1.580000043,1.580000043,0,0,0,1.580000043,0,0,0,150,728,878,1373
2026352035,4/17/2016,838,0.5199999809,0.5199999809,0,0,0,0.5199999809,0,0,0,60,1053,1113,1214
2026352035,4/18/2016,3325,2.059999943,2.059999943,0,0,0,2.059999943,0,0,0,182,1062,1244,1419
2026352035,4/19/2016,2424,1.5,1.5,0,0,0,1.5,0,0,0,141,785,926,1356
2026352035,4/20/2016,7222,4.480000019,4.480000019,0,0,0,4.480000019,0,0,0,327,623,950,1667
2026352035,4/21/2016,2467,1.529999971,1.529999971,0,0,0,1.529999971,0,0,0,153,749,902,1370
2026352035,4/22/2016,2915,1.809999943,1.809999943,0,0,0,1.809999943,0,0,0,162,712,874,1399
2026352035,4/23/2016,12357,7.710000038,7.710000038,0,0,0,7.710000038,0,0,0,432,458,890,1916
2026352035,4/24/2016,3490,2.160000086,2.160000086,0,0,0,2.160000086,0,0,0,164,704,868,1401
2026352035,4/25/2016,6017,3.730000019,3.730000019,0,0,0,3.730000019,0,0,0,260,821,1081,1576
2026352035,4/26/2016,5933,3.680000067,3.680000067,0,0,0,3.680000067,0,0,0,288,1018,1306,1595
2026352035,4/27/2016,6088,3.769999981,3.769999981,0,0,0,3.769999981,0,0,0,286,586,872,1593
2026352035,4/28/2016,6375,3.950000048,3.950000048,0,0,0,3.950000048,0,0,0,331,626,957,1649
2026352035,4/29/2016,7604,4.710000038,4.710000038,0,0,0,4.710000038,0,0,0,352,492,844,1692
2026352035,4/30/2016,4729,2.930000067,2.930000067,0,0,0,2.930000067,0,0,0,233,594,827,1506
2026352035,5/1/2016,3609,2.279999971,2.279999971,0,0,0,2.279999971,0,0,0,191,716,907,1447
2026352035,5/2/2016,7018,4.349999905,4.349999905,0,0,0,4.349999905,0,0,0,355,716,1071,1690
2026352035,5/3/2016,5992,3.720000029,3.720000029,0,0,0,3.720000029,0,0,0,304,981,1285,1604
2026352035,5/4/2016,6564,4.070000172,4.070000172,0,0,0,4.070000172,0,0,0,345,530,875,1658
2026352035,5/5/2016,12167,7.539999962,7.539999962,0,0,0,7.539999962,0,0,0,475,479,954,1926
2026352035,5/6/2016,8198,5.079999924,5.079999924,0,0,0,5.079999924,0,0,0,383,511,894,1736
2026352035,5/7/2016,4193,2.599999905,2.599999905,0,0,0,2.599999905,0,0,0,229,665,894,1491
2026352035,5/8/2016,5528,3.450000048,3.450000048,0,0,0,3.450000048,0,0,0,258,610,868,1555
2026352035,5/9/2016,10685,6.619999886,6.619999886,0,0,0,6.599999905,0,0,0,401,543,944,1869
2026352035,5/10/2016,254,0.1599999964,0.1599999964,0,0,0,0.1599999964,0,0,0,17,1002,1019,1141
2026352035,5/11/2016,8580,5.320000172,5.320000172,0,0,0,5.320000172,0,0,0,330,569,899,1698
2026352035,5/12/2016,8891,5.510000229,5.510000229,0,0,0,5.510000229,0,0,0,343,330,673,1364
2320127002,4/12/2016,10725,7.489999771,7.489999771,0,1.169999957,0.3100000024,6.010000229,0,13,9,306,1112,1440,2124
2320127002,4/13/2016,7275,4.900000095,4.900000095,0,0,0,4.900000095,0,0,0,335,1105,1440,2003
2320127002,4/14/2016,3973,2.680000067,2.680000067,0,0,0,2.680000067,0,0,0,191,1249,1440,1696
2320127002,4/15/2016,5205,3.50999999,3.50999999,0,0,0,3.50999999,0,0,0,245,1195,1440,1801
2320127002,4/16/2016,5057,3.410000086,3.410000086,0,0,0,3.400000095,0,0,0,195,1245,1440,1724
2320127002,4/17/2016,6198,4.179999828,4.179999828,0,0,0,4.179999828,0,0,0,249,1191,1440,1852
2320127002,4/18/2016,6559,4.420000076,4.420000076,0,0,0.2599999905,4.139999866,0,0,7,260,1173,1440,1905
2320127002,4/19/2016,5997,4.039999962,4.039999962,0,0,0.3799999952,3.660000086,0,0,11,228,1201,1440,1811
2320127002,4/20/2016,7192,4.849999905,4.849999905,0,0,0.4900000095,4.340000153,0,0,11,283,1146,1440,1922
2320127002,4/21/2016,3404,2.289999962,2.289999962,0,0.05999999866,0.4199999869,1.809999943,0,1,10,127,1302,1440,1610
2320127002,4/22/2016,5583,3.75999999,3.75999999,0,0,0,3.75999999,0,0,0,266,1174,1440,1851
2320127002,4/23/2016,5079,3.420000076,3.420000076,0,0,0,3.420000076,0,0,0,242,1129,1371,1804
2320127002,4/24/2016,4165,2.809999943,2.809999943,0,0,0,2.799999952,0,0,0,204,1236,1440,1725
2320127002,4/25/2016,3588,2.420000076,2.420000076,0,0.2300000042,0.200000003,1.99000001,0,3,5,152,1280,1440,1654
2320127002,4/26/2016,3409,2.299999952,2.299999952,0,0,0,2.299999952,0,0,0,147,1293,1440,1632
2320127002,4/27/2016,1715,1.159999967,1.159999967,0,0,0,1.159999967,0,0,0,82,1358,1440,1481
2320127002,4/28/2016,1532,1.029999971,1.029999971,0,0,0,1.029999971,0,0,0,76,1364,1440,1473
2320127002,4/29/2016,924,0.6200000048,0.6200000048,0,0,0,0.6200000048,0,0,0,45,1395,1440,1410
2320127002,4/30/2016,4571,3.079999924,3.079999924,0,0,0,3.069999933,0,0,0,234,1206,1440,1779
2320127002,5/1/2016,772,0.5199999809,0.5199999809,0,0,0,0.5199999809,0,0,0,40,1400,1440,1403
2320127002,5/2/2016,3634,2.450000048,2.450000048,0,0.3600000143,0.2099999934,1.879999995,0,5,6,123,1306,1440,1613
2320127002,5/3/2016,7443,5.019999981,5.019999981,0,1.49000001,0.3700000048,3.160000086,0,20,10,206,1204,1440,1878
2320127002,5/4/2016,1201,0.8100000024,0.8100000024,0,0,0,0.8100000024,0,0,0,52,1388,1440,1426
2320127002,5/5/2016,5202,3.50999999,3.50999999,0,0,0.3899999857,3.109999895,0,0,11,223,1206,1440,1780
2320127002,5/6/2016,4878,3.289999962,3.289999962,0,0,0,3.289999962,0,0,0,204,1236,1440,1742
2320127002,5/7/2016,7379,4.96999979,4.96999979,0,0,0,4.96999979,0,0,0,319,1121,1440,1972
2320127002,5/8/2016,5161,3.480000019,3.480000019,0,0,0,3.470000029,0,0,0,247,1193,1440,1821
2320127002,5/9/2016,3090,2.079999924,2.079999924,0,0,0,2.079999924,0,0,0,145,1295,1440,1630
2320127002,5/10/2016,6227,4.199999809,4.199999809,0,0,0,4.199999809,0,0,0,290,1150,1440,1899
2320127002,5/11/2016,6424,4.329999924,4.329999924,0,0,0,4.329999924,0,0,0,300,1140,1440,1903
2320127002,5/12/2016,2661,1.789999962,1.789999962,0,0,0,1.789999962,0,0,0,128,830,958,1125
2347167796,4/12/2016,10113,6.829999924,6.829999924,0,2,0.6200000048,4.199999809,0,28,13,320,964,1325,2344
2347167796,4/13/2016,10352,7.010000229,7.010000229,0,1.659999967,1.940000057,3.410000086,0,19,32,195,676,922,2038
2347167796,4/14/2016,10129,6.699999809,6.699999809,0,0.01999999955,2.74000001,3.940000057,0,1,48,206,705,960,2010
2347167796,4/15/2016,10465,6.920000076,6.920000076,0,0.0700000003,1.419999957,5.429999828,0,1,24,284,720,1029,2133
2347167796,4/16/2016,22244,15.07999992,15.07999992,0,5.449999809,4.099999905,5.53000021,0,66,72,268,968,1374,2670
2347167796,4/17/2016,5472,3.619999886,3.619999886,0,0.07999999821,0.2800000012,3.25999999,0,1,7,249,508,765,1882
2347167796,4/18/2016,8247,5.449999809,5.449999809,0,0.7900000215,0.8600000143,3.789999962,0,11,16,206,678,911,1944
2347167796,4/19/2016,6711,4.440000057,4.440000057,0,0,0,4.440000057,0,0,7,382,648,1037,2346
2347167796,4/20/2016,10999,7.269999981,7.269999981,0,0.6800000072,1.809999943,4.78000021,0,11,43,269,1011,1334,2198
2347167796,4/21/2016,10080,6.75,6.75,0,1.850000024,1.529999971,3.380000114,0,23,26,208,761,1018,2048
2347167796,4/22/2016,7804,5.159999847,5.159999847,0,0.5600000024,1.679999948,2.920000076,0,9,27,206,781,1023,1946
2347167796,4/23/2016,16901,11.36999989,11.36999989,0,2.779999971,1.450000048,7.150000095,0,32,35,360,591,1018,2629
2347167796,4/24/2016,9471,6.260000229,6.260000229,0,0,0,6.260000229,0,0,0,360,584,944,2187
2347167796,4/25/2016,9482,6.380000114,6.380000114,0,1.269999981,0.5199999809,4.599999905,0,15,11,277,653,956,2095
2347167796,4/26/2016,5980,3.950000048,3.950000048,0,0,0,3.950000048,0,0,0,227,732,959,1861
2347167796,4/27/2016,11423,7.579999924,7.579999924,0,1.860000014,0.400000006,5.320000172,0,26,9,295,623,953,2194
2347167796,4/28/2016,5439,3.599999905,3.599999905,0,0,0,3.599999905,0,0,0,229,764,993,1854
2347167796,4/29/2016,42,0.02999999933,0.02999999933,0,0,0,0.02999999933,0,0,0,4,2,6,403
2873212765,4/12/2016,8796,5.909999847,5.909999847,0,0.1099999994,0.9300000072,4.880000114,0,2,21,356,1061,1440,1982
2873212765,4/13/2016,7618,5.119999886,5.119999886,0,0,0.2199999988,4.880000114,0.01999999955,0,8,404,1028,1440,2004
2873212765,4/14/2016,7910,5.320000172,5.320000172,0,0,0,5.320000172,0,0,0,331,1109,1440,1893
2873212765,4/15/2016,8482,5.699999809,5.699999809,0,0,0,5.690000057,0.009999999776,0,0,448,992,1440,2063
2873212765,4/16/2016,9685,6.650000095,6.650000095,0,3.109999895,0.01999999955,3.50999999,0.009999999776,47,1,305,1087,1440,2148
2873212765,4/17/2016,2524,1.700000048,1.700000048,0,0,0.349999994,1.340000033,0,0,8,160,1272,1440,1529
2873212765,4/18/2016,7762,5.239999771,5.239999771,0,0.0700000003,0.2800000012,4.889999866,0,1,6,311,1122,1440,1890
2873212765,4/19/2016,7948,5.369999886,5.369999886,0,0,0,5.360000134,0,0,0,389,1051,1440,1956
2873212765,4/20/2016,9202,6.300000191,6.300000191,0,1.50999999,0.1199999973,4.659999847,0.009999999776,22,5,378,1035,1440,2094
2873212765,4/21/2016,8859,5.980000019,5.980000019,0,0.1299999952,0.3700000048,5.46999979,0.009999999776,2,10,371,1057,1440,1970
2873212765,4/22/2016,7286,4.900000095,4.900000095,0,0.4600000083,0,4.420000076,0.01999999955,46,0,366,1028,1440,2241
2873212765,4/23/2016,9317,6.349999905,6.349999905,0,2.089999914,0.2300000042,4.019999981,0.009999999776,28,5,330,1077,1440,2021
2873212765,4/24/2016,6873,4.679999828,4.679999828,0,3,0.05999999866,1.620000005,0,46,1,190,1203,1440,1898
2873212765,4/25/2016,7373,4.949999809,4.949999809,0,0,0,4.949999809,0,0,0,359,1081,1440,1907
2873212765,4/26/2016,8242,5.539999962,5.539999962,0,0.1199999973,0.1800000072,5.239999771,0,2,5,309,1124,1440,1882
2873212765,4/27/2016,3516,2.359999895,2.359999895,0,0,0,2.359999895,0,46,0,197,1197,1440,1966
2873212765,4/28/2016,7913,5.409999847,5.409999847,0,2.160000086,0.3400000036,2.910000086,0,28,7,213,1192,1440,1835
2873212765,4/29/2016,7365,4.949999809,4.949999809,0,1.360000014,1.409999967,2.180000067,0,20,23,206,1191,1440,1780
2873212765,4/30/2016,8452,5.679999828,5.679999828,0,0.3300000131,1.080000043,4.260000229,0.009999999776,5,20,248,1167,1440,1830
2873212765,5/1/2016,7399,4.96999979,4.96999979,0,0.4900000095,1.039999962,3.440000057,0,7,18,196,1219,1440,1739
2873212765,5/2/2016,7525,5.059999943,5.059999943,0,0,0.2099999934,4.829999924,0.01999999955,0,7,334,1099,1440,1878
2873212765,5/3/2016,7412,4.980000019,4.980000019,0,0.05999999866,0.25,4.659999847,0.009999999776,1,6,363,1070,1440,1906
2873212765,5/4/2016,8278,5.559999943,5.559999943,0,0,0,5.559999943,0,0,0,420,1020,1440,2015
2873212765,5/5/2016,8314,5.610000134,5.610000134,0,0.7799999714,0.8000000119,4.03000021,0,13,23,311,1093,1440,1971
2873212765,5/6/2016,7063,4.75,4.75,0,0,0.1199999973,4.610000134,0.009999999776,0,5,370,1065,1440,1910
2873212765,5/7/2016,4940,3.380000114,3.380000114,0,2.279999971,0.5500000119,0.5500000119,0,75,11,52,1302,1440,1897
2873212765,5/8/2016,8168,5.539999962,5.539999962,0,2.900000095,0,2.640000105,0,46,0,326,1068,1440,2096
2873212765,5/9/2016,7726,5.190000057,5.190000057,0,0,0,5.190000057,0,0,0,345,1095,1440,1906
2873212765,5/10/2016,8275,5.559999943,5.559999943,0,0,0,5.550000191,0.009999999776,0,0,373,1067,1440,1962
2873212765,5/11/2016,6440,4.329999924,4.329999924,0,0,0,4.320000172,0.009999999776,0,0,319,1121,1440,1826
2873212765,5/12/2016,7566,5.110000134,5.110000134,0,0,0,5.110000134,0,0,0,268,720,988,1431
3372868164,4/12/2016,4747,3.24000001,3.24000001,0,0,0,3.230000019,0.009999999776,0,0,280,1160,1440,1788
3372868164,4/13/2016,9715,6.630000114,6.630000114,0,0.9900000095,0.3400000036,5.269999981,0.01999999955,16,8,371,1045,1440,2093
3372868164,4/14/2016,8844,6.03000021,6.03000021,0,0.3400000036,1.029999971,4.650000095,0.009999999776,6,25,370,1039,1440,2065
3372868164,4/15/2016,7451,5.079999924,5.079999924,0,0,0,5.059999943,0.01999999955,0,0,335,1105,1440,1908
3372868164,4/16/2016,6905,4.730000019,4.730000019,0,0,0,4.699999809,0.02999999933,0,0,356,1084,1440,1908
3372868164,4/17/2016,8199,5.880000114,5.880000114,0,1.409999967,0.1000000015,4.360000134,0.009999999776,11,2,322,1105,1440,1964
3372868164,4/18/2016,6798,4.639999866,4.639999866,0,1.080000043,0.200000003,3.349999905,0,20,7,343,1070,1440,2014
3372868164,4/19/2016,7711,5.260000229,5.260000229,0,0,0,5.239999771,0.01999999955,0,0,376,1064,1440,1985
3372868164,4/20/2016,4880,3.329999924,3.329999924,0,0.8399999738,0.09000000358,2.380000114,0.01999999955,15,3,274,1148,1440,1867
3372868164,4/21/2016,8857,6.070000172,6.070000172,0,1.149999976,0.2599999905,4.639999866,0.009999999776,18,9,376,1037,1440,2124
3372868164,4/22/2016,3843,2.619999886,2.619999886,0,0,0,2.609999895,0.009999999776,0,0,206,1234,1440,1669
3372868164,4/23/2016,7396,5.070000172,5.070000172,0,1.399999976,0.07999999821,3.579999924,0,20,2,303,1115,1440,1995
3372868164,4/24/2016,6731,4.590000153,4.590000153,0,0.8899999857,0.1899999976,3.49000001,0.01999999955,14,7,292,1127,1440,1921
3372868164,4/25/2016,5995,4.090000153,4.090000153,0,0,0,4.090000153,0,0,0,416,1024,1440,2010
3372868164,4/26/2016,8283,5.789999962,5.789999962,0,1.850000024,0.05000000075,3.869999886,0.009999999776,22,2,333,1083,1440,2057
3372868164,4/27/2016,7904,5.420000076,5.420000076,0,1.580000043,0.6299999952,3.190000057,0.009999999776,24,13,346,1057,1440,2095
3372868164,4/28/2016,5512,3.75999999,3.75999999,0,0,0,3.75999999,0,0,0,385,1055,1440,1972
3372868164,4/29/2016,9135,6.230000019,6.230000019,0,0,0,6.21999979,0.009999999776,0,0,402,1038,1440,2044
3372868164,4/30/2016,5250,3.579999924,3.579999924,0,1.059999943,0.09000000358,2.420000076,0.009999999776,17,4,300,1119,1440,1946
3372868164,5/1/2016,3077,2.099999905,2.099999905,0,0,0,2.089999914,0,0,0,172,842,1014,1237
3977333714,4/12/2016,8856,5.980000019,5.980000019,0,3.059999943,0.9100000262,2.00999999,0,44,19,131,777,971,1450
3977333714,4/13/2016,10035,6.710000038,6.710000038,0,2.029999971,2.130000114,2.549999952,0,31,46,153,754,984,1495
3977333714,4/14/2016,7641,5.110000134,5.110000134,0,0.3199999928,0.9700000286,3.819999933,0,5,23,214,801,1043,1433
3977333714,4/15/2016,9010,6.059999943,6.059999943,0,1.049999952,1.75,3.25999999,0,15,42,183,644,884,1468
3977333714,4/16/2016,13459,9,9,0,2.029999971,4,2.970000029,0,31,83,153,663,930,1625
3977333714,4/17/2016,10415,6.96999979,6.96999979,0,0.6999999881,2.349999905,3.920000076,0,11,58,205,600,874,1529
3977333714,4/18/2016,11663,7.800000191,7.800000191,0,0.25,3.730000019,3.819999933,0,4,95,214,605,918,1584
3977333714,4/19/2016,12414,8.779999733,8.779999733,0,2.24000001,2.450000048,3.960000038,0,19,67,221,738,1045,1638
3977333714,4/20/2016,11658,7.829999924,7.829999924,0,0.200000003,4.349999905,3.279999971,0,2,98,164,845,1109,1554
3977333714,4/21/2016,6093,4.079999924,4.079999924,0,0,0,4.059999943,0,0,0,242,712,954,1397
3977333714,4/22/2016,8911,5.960000038,5.960000038,0,2.329999924,0.5799999833,3.059999943,0,33,12,188,731,964,1481
3977333714,4/23/2016,12058,8.069999695,8.069999695,0,0,4.21999979,3.849999905,0,0,92,252,724,1068,1638
3977333714,4/24/2016,14112,10,10,0,3.269999981,4.559999943,2.170000076,0,30,95,129,660,914,1655
3977333714,4/25/2016,11177,8.479999542,8.479999542,0,5.619999886,0.4300000072,2.410000086,0,50,9,133,781,973,1570
3977333714,4/26/2016,11388,7.619999886,7.619999886,0,0.4499999881,4.21999979,2.950000048,0,7,95,170,797,1069,1551
3977333714,4/27/2016,7193,5.039999962,5.039999962,0,0,0.4199999869,4.619999886,0,0,10,176,714,900,1377
3977333714,4/28/2016,7114,4.880000114,4.880000114,0,1.370000005,0.2899999917,3.220000029,0,15,8,190,804,1017,1407
3977333714,4/29/2016,10645,7.75,7.75,0,3.74000001,1.299999952,2.710000038,0,36,32,150,744,962,1545
3977333714,4/30/2016,13238,9.199999809,9.199999809,0,3.690000057,2.099999905,3.410000086,0,43,52,194,687,976,1650
3977333714,5/1/2016,10414,7.070000172,7.070000172,0,2.670000076,1.980000019,2.410000086,0,41,40,124,691,896,1501
3977333714,5/2/2016,16520,11.05000019,11.05000019,0,1.539999962,6.480000019,3.019999981,0,24,143,176,713,1056,1760
3977333714,5/3/2016,14335,9.590000153,9.590000153,0,3.319999933,1.74000001,4.53000021,0,47,41,258,594,940,1710
3977333714,5/4/2016,13559,9.43999958,9.43999958,0,1.809999943,4.579999924,2.890000105,0,14,96,142,852,1104,1628
3977333714,5/5/2016,12312,8.579999924,8.579999924,0,1.75999999,4.110000134,2.710000038,0,14,88,178,680,960,1618
3977333714,5/6/2016,11677,8.279999733,8.279999733,0,3.109999895,2.50999999,2.670000076,0,29,55,168,676,928,1590
3977333714,5/7/2016,11550,7.730000019,7.730000019,0,0,4.130000114,3.589999914,0,0,86,208,703,997,1574
3977333714,5/8/2016,13585,9.090000153,9.090000153,0,0.6800000072,5.239999771,3.170000076,0,9,116,171,688,984,1633
3977333714,5/9/2016,14687,10.07999992,10.07999992,0,0.7699999809,5.599999905,3.549999952,0,8,122,151,1159,1440,1667
3977333714,5/10/2016,13072,8.779999733,8.779999733,0,0.0700000003,5.400000095,3.309999943,0,1,115,196,676,988,1630
3977333714,5/11/2016,746,0.5,0.5,0,0.3700000048,0,0.1299999952,0,4,0,9,13,26,52
4020332650,4/12/2016,8539,6.119999886,6.119999886,0,0.150000006,0.2399999946,5.679999828,0,4,15,331,712,1062,3654
4020332650,4/13/2016,0,0,0,0,0,0,0,0,0,0,0,1440,1440,1981
4020332650,4/14/2016,108,0.07999999821,0.07999999821,0,0,0,0.02999999933,0,0,0,3,1437,1440,2011
4020332650,4/15/2016,1882,1.350000024,1.350000024,0,0.2099999934,0.3600000143,0.7699999809,0,36,18,87,1299,1440,2951
4020332650,4/16/2016,1982,1.419999957,1.419999957,0,0.4499999881,0.3700000048,0.5899999738,0,65,21,55,1222,1363,3051
4020332650,4/17/2016,16,0.009999999776,0.009999999776,0,0,0,0.009999999776,0,0,0,2,1438,1440,1990
4020332650,4/18/2016,62,0.03999999911,0.03999999911,0,0,0,0.03999999911,0,0,0,2,1438,1440,1995
4020332650,4/19/2016,0,0,0,0,0,0,0,0,0,0,0,1440,1440,1980
4020332650,4/20/2016,0,0,0,0,0,0,0,0,0,0,0,1440,1440,1980
4020332650,4/21/2016,0,0,0,0,0,0,0,0,0,0,0,1440,1440,1980
4020332650,4/22/2016,0,0,0,0,0,0,0,0,0,0,0,1440,1440,1980
4020332650,4/23/2016,0,0,0,0,0,0,0,0,0,0,0,1440,1440,1980
4020332650,4/24/2016,0,0,0,0,0,0,0,0,0,0,0,1440,1440,1980
4020332650,4/25/2016,0,0,0,0,0,0,0,0,0,0,0,1440,1440,1980
4020332650,4/26/2016,0,0,0,0,0,0,0,0,0,0,0,1440,1440,1980
4020332650,4/27/2016,0,0,0,0,0,0,0,0,0,0,0,1440,1440,1980
4020332650,4/28/2016,0,0,0,0,0,0,0,0,0,0,0,1440,1440,1980
4020332650,4/29/2016,0,0,0,0,0,0,0,0,0,0,0,1440,1440,1980
4020332650,4/30/2016,0,0,0,0,0,0,0,0,0,0,0,1440,1440,1980
4020332650,5/1/2016,0,0,0,0,0,0,0,0,0,0,0,1440,1440,1980
4020332650,5/2/2016,475,0.3400000036,0.3400000036,0,0,0.03999999911,0.2899999917,0,0,11,31,1350,1392,2207
4020332650,5/3/2016,4496,3.220000029,3.220000029,0,0,0,3.150000095,0.05000000075,0,0,174,950,1124,2828
4020332650,5/4/2016,10252,7.349999905,7.349999905,0,0.6700000167,1.039999962,5.579999924,0,13,46,346,531,936,3879
4020332650,5/5/2016,11728,8.430000305,8.430000305,0,2.619999886,1.679999948,4.039999962,0.0700000003,38,42,196,916,1192,3429
4020332650,5/6/2016,4369,3.130000114,3.130000114,0,0,0,3.099999905,0.009999999776,0,0,177,855,1032,2704
4020332650,5/7/2016,6132,4.400000095,4.400000095,0,0,0,3.579999924,0,0,0,184,1256,1440,2975
4020332650,5/8/2016,5862,4.199999809,4.199999809,0,0,0,4.150000095,0,0,0,263,775,1038,3089
4020332650,5/9/2016,4556,3.269999981,3.269999981,0,0.200000003,0.1199999973,2.940000057,0,3,5,173,1225,1406,2785
4020332650,5/10/2016,5546,3.980000019,3.980000019,0,0,0,3.869999886,0.03999999911,0,0,206,774,980,2926
4020332650,5/11/2016,3689,2.650000095,2.650000095,0,0.1099999994,0.1700000018,2.329999924,0,2,8,134,1296,1440,2645
4020332650,5/12/2016,590,0.4199999869,0.4199999869,0,0,0,0.4099999964,0,0,0,21,721,742,1120
4057192912,4/12/2016,5394,4.03000021,4.03000021,0,0,0,3.940000057,0,0,0,164,1276,1440,2286
4057192912,4/13/2016,5974,4.46999979,4.46999979,0,0,0,4.369999886,0,0,0,160,1280,1440,2306
4057192912,4/14/2016,0,0,0,0,0,0,0,0,0,0,0,1440,1440,1776
4057192912,4/15/2016,3984,2.950000048,2.950000048,0,0.2099999934,0.2599999905,2.440000057,0,3,6,88,873,970,1527
4319703577,4/12/2016,7753,5.199999809,5.199999809,0,0,0,0,0,0,0,0,1440,1440,2115
4319703577,4/13/2016,8204,5.5,5.5,0,0.5299999714,0.5899999738,1.309999943,0,8,15,96,1234,1353,2135
4319703577,4/14/2016,10210,6.880000114,6.880000114,0,0.1099999994,0.3300000131,6.440000057,0,1,9,339,589,938,2302
4319703577,4/15/2016,5664,3.799999952,3.799999952,0,0,0,3.799999952,0,0,0,228,752,980,1985
4319703577,4/16/2016,4744,3.180000067,3.180000067,0,0,0,3.180000067,0,0,0,194,724,918,1884
4319703577,4/17/2016,29,0.01999999955,0.01999999955,0,0,0,0.01999999955,0,0,0,3,1363,1366,1464
4319703577,4/18/2016,2276,1.549999952,1.549999952,0,0.0700000003,0.3300000131,1.120000005,0,1,9,58,824,892,1632
4319703577,4/19/2016,8925,5.989999771,5.989999771,0,0,0,5.989999771,0,0,0,311,604,915,2200
4319703577,4/20/2016,8954,6.010000229,6.010000229,0,0,0.6800000072,5.309999943,0,0,18,306,671,995,2220
4319703577,4/21/2016,3702,2.480000019,2.480000019,0,0,0,0.349999994,0,0,0,34,1265,1299,1792
4319703577,4/22/2016,4500,3.019999981,3.019999981,0,0.05999999866,0.8100000024,2.150000095,0,1,19,176,709,905,1886
4319703577,4/23/2016,4935,3.309999943,3.309999943,0,0,0,3.309999943,0,0,0,233,546,779,1945
4319703577,4/24/2016,4081,2.74000001,2.74000001,0,0.05999999866,0.200000003,2.470000029,0,1,5,191,692,889,1880
4319703577,4/25/2016,9259,6.210000038,6.210000038,0,0,0.2800000012,5.929999828,0,0,8,390,544,942,2314
4319703577,4/26/2016,9899,6.639999866,6.639999866,0,0.5699999928,0.9200000167,5.150000095,0,8,21,288,649,966,2236
4319703577,4/27/2016,10780,7.230000019,7.230000019,0,0.4099999964,1.919999957,4.909999847,0,6,47,300,680,1033,2324
4319703577,4/28/2016,10817,7.28000021,7.28000021,0,1.00999999,0.3300000131,5.940000057,0,13,8,359,552,932,2367
4319703577,4/29/2016,7990,5.360000134,5.360000134,0,0.4499999881,0.7900000215,4.119999886,0,6,18,289,624,937,2175
4319703577,4/30/2016,8221,5.519999981,5.519999981,0,0.400000006,1.610000014,3.50999999,0,6,38,196,695,935,2092
4319703577,5/1/2016,1251,0.8399999738,0.8399999738,0,0,0,0.8399999738,0,0,0,67,836,903,1593
4319703577,5/2/2016,9261,6.239999771,6.239999771,0,0,0.4399999976,5.710000038,0,0,11,344,585,940,2270
4319703577,5/3/2016,9648,6.46999979,6.46999979,0,0.5799999833,1.070000052,4.829999924,0,8,26,287,669,990,2235
4319703577,5/4/2016,10429,7.019999981,7.019999981,0,0.5899999738,0.5799999833,5.849999905,0,8,13,313,1106,1440,2282
4319703577,5/5/2016,13658,9.489999771,9.489999771,0,2.630000114,1.409999967,5.449999809,0,27,34,328,957,1346,2530
4319703577,5/6/2016,9524,6.420000076,6.420000076,0,0.4099999964,0.4699999988,5.460000038,0,6,11,314,692,1023,2266
4319703577,5/7/2016,7937,5.329999924,5.329999924,0,0.1899999976,1.049999952,4.079999924,0,3,28,279,586,896,2158
4319703577,5/8/2016,3672,2.460000038,2.460000038,0,0,0,2.460000038,0,0,0,153,603,756,1792
4319703577,5/9/2016,10378,6.960000038,6.960000038,0,0.1400000006,0.5600000024,6.25,0,2,14,374,490,880,2345
4319703577,5/10/2016,9487,6.369999886,6.369999886,0,0.2099999934,0.4600000083,5.699999809,0,3,12,329,555,899,2260
4319703577,5/11/2016,9129,6.130000114,6.130000114,0,0.200000003,0.7400000095,5.179999828,0,3,18,311,574,906,2232
4319703577,5/12/2016,17,0.009999999776,0.009999999776,0,0,0,0.009999999776,0,0,0,2,0,2,257
4388161847,4/12/2016,10122,7.78000021,7.78000021,0,0,0,0,0,0,0,0,1440,1440,2955
4388161847,4/13/2016,10993,8.449999809,8.449999809,0,0.05999999866,0.6299999952,3.880000114,0,1,14,150,1275,1440,3092
4388161847,4/14/2016,8863,6.820000172,6.820000172,0,0.1299999952,1.070000052,5.619999886,0,10,35,219,945,1209,2998
4388161847,4/15/2016,8758,6.730000019,6.730000019,0,0,0,6.730000019,0,0,0,299,837,1136,3066
4388161847,4/16/2016,6580,5.059999943,5.059999943,0,0.2099999934,0.400000006,4.449999809,0,6,9,253,609,877,3073
4388161847,4/17/2016,4660,3.579999924,3.579999924,0,0,0,3.579999924,0,0,0,201,721,922,2572
4388161847,4/18/2016,11009,9.100000381,9.100000381,0,3.559999943,0.400000006,5.139999866,0,27,8,239,1017,1291,3274
4388161847,4/19/2016,10181,7.829999924,7.829999924,0,1.370000005,0.6899999976,5.769999981,0,20,16,249,704,989,3015
4388161847,4/20/2016,10553,8.119999886,8.119999886,0,1.100000024,1.720000029,5.289999962,0,19,42,228,696,985,3083
4388161847,4/21/2016,10055,7.730000019,7.730000019,0,0.3700000048,0.3899999857,6.980000019,0,7,12,272,853,1144,3069
4388161847,4/22/2016,12139,9.340000153,9.340000153,0,3.299999952,1.110000014,4.920000076,0,77,25,220,945,1267,3544
4388161847,4/23/2016,13236,10.18000031,10.18000031,0,4.5,0.3199999928,5.349999905,0,58,5,215,749,1027,3306
4388161847,4/24/2016,10243,7.880000114,7.880000114,0,1.080000043,0.5099999905,6.300000191,0,14,8,239,584,845,2885
4388161847,4/25/2016,12961,9.970000267,9.970000267,0,0.7300000191,1.399999976,7.840000153,0,11,31,301,1054,1397,3288
4388161847,4/26/2016,9461,7.28000021,7.28000021,0,0.9399999976,1.059999943,5.269999981,0,14,23,224,673,934,2929
4388161847,4/27/2016,11193,8.609999657,8.609999657,0,0.6999999881,2.50999999,5.389999866,0,11,48,241,684,984,3074
4388161847,4/28/2016,10074,7.75,7.75,0,1.289999962,0.4300000072,6.03000021,0,19,9,234,878,1140,2969
4388161847,4/29/2016,9232,7.099999905,7.099999905,0,0.8000000119,0.8899999857,5.420000076,0,13,16,236,1175,1440,2979
4388161847,4/30/2016,12533,9.640000343,9.640000343,0,0.6999999881,2,6.940000057,0,14,43,300,537,894,3283
4388161847,5/1/2016,10255,7.889999866,7.889999866,0,1.00999999,0.6800000072,6.199999809,0,12,15,241,579,847,2926
4388161847,5/2/2016,10096,8.399999619,8.399999619,0,3.769999981,0.07999999821,4.550000191,0,33,4,204,935,1176,3147
4388161847,5/3/2016,12727,9.789999962,9.789999962,0,1.129999995,0.7799999714,7.880000114,0,18,18,306,984,1326,3290
4388161847,5/4/2016,12375,9.520000458,9.520000458,0,2.789999962,0.9300000072,5.800000191,0,35,21,251,632,939,3162
4388161847,5/5/2016,9603,7.380000114,7.380000114,0,0.6299999952,1.669999957,5.090000153,0,12,39,199,896,1146,2899
4388161847,5/6/2016,13175,10.13000011,10.13000011,0,2.109999895,2.089999914,5.929999828,0,33,45,262,1100,1440,3425
4388161847,5/7/2016,22770,17.54000092,17.54000092,0,9.449999809,2.769999981,5.329999924,0,120,56,260,508,944,4022
4388161847,5/8/2016,17298,14.38000011,14.38000011,0,9.890000343,1.25999999,3.230000019,0,107,38,178,576,899,3934
4388161847,5/9/2016,10218,7.860000134,7.860000134,0,0.3400000036,0.7300000191,6.789999962,0,6,19,258,1020,1303,3013
4388161847,5/10/2016,10299,7.920000076,7.920000076,0,0.8100000024,0.6499999762,6.460000038,0,13,14,267,648,942,3061
4388161847,5/11/2016,10201,7.840000153,7.840000153,0,0.5299999714,0.7900000215,6.53000021,0,8,18,256,858,1140,2954
4388161847,5/12/2016,3369,2.589999914,2.589999914,0,0,0,2.589999914,0,0,0,108,825,933,1623
4445114986,4/12/2016,3276,2.200000048,2.200000048,0,0,0,2.200000048,0,0,0,196,787,983,2113
4445114986,4/13/2016,2961,1.99000001,1.99000001,0,0,0,1.99000001,0,0,0,194,840,1034,2095
4445114986,4/14/2016,3974,2.670000076,2.670000076,0,0,0,2.670000076,0,0,0,231,717,948,2194
4445114986,4/15/2016,7198,4.829999924,4.829999924,0,0,0,4.829999924,0,0,0,350,711,1061,2496
4445114986,4/16/2016,3945,2.650000095,2.650000095,0,0,0,2.650000095,0,0,0,225,716,941,2180
4445114986,4/17/2016,2268,1.519999981,1.519999981,0,0,0,1.519999981,0,0,0,114,1219,1333,1933
4445114986,4/18/2016,6155,4.239999771,4.239999771,0,2,0.2899999917,1.950000048,0,25,6,162,1247,1440,2248
4445114986,4/19/2016,2064,1.389999986,1.389999986,0,0,0,1.389999986,0,0,0,121,895,1016,1954
4445114986,4/20/2016,2072,1.389999986,1.389999986,0,0,0,1.389999986,0,0,0,137,841,978,1974
4445114986,4/21/2016,3809,2.559999943,2.559999943,0,0,0,2.539999962,0,0,0,215,756,971,2150
4445114986,4/22/2016,6831,4.579999924,4.579999924,0,0,0,4.579999924,0,0,0,317,706,1023,2432
4445114986,4/23/2016,4363,2.930000067,2.930000067,0,0,0,2.930000067,0,0,0,201,1239,1440,2149
4445114986,4/24/2016,5002,3.359999895,3.359999895,0,0,0,3.359999895,0,0,0,244,1196,1440,2247
4445114986,4/25/2016,3385,2.269999981,2.269999981,0,0,0,2.269999981,0,0,0,179,916,1095,2070
4445114986,4/26/2016,6326,4.409999847,4.409999847,0,2.410000086,0.03999999911,1.960000038,0,29,1,180,839,1049,2291
4445114986,4/27/2016,7243,5.03000021,5.03000021,0,2.619999886,0.02999999933,2.380000114,0,32,1,194,839,1066,2361
4445114986,4/28/2016,4493,3.00999999,3.00999999,0,0,0,3.00999999,0,0,0,236,762,998,2203
4445114986,4/29/2016,4676,3.140000105,3.140000105,0,0,0,3.130000114,0,0,0,226,1106,1332,2196
4445114986,4/30/2016,6222,4.179999828,4.179999828,0,0,0,4.179999828,0,0,0,290,797,1087,2363
4445114986,5/1/2016,5232,3.50999999,3.50999999,0,0,0,3.50999999,0,0,0,240,741,981,2246
4445114986,5/2/2016,6910,4.75,4.75,0,2.210000038,0.1899999976,2.349999905,0,27,4,200,667,898,2336
4445114986,5/3/2016,7502,5.179999828,5.179999828,0,2.480000019,0.1099999994,2.579999924,0,30,2,233,725,990,2421
4445114986,5/4/2016,2923,1.960000038,1.960000038,0,0,0,1.960000038,0,0,0,180,897,1077,2070
4445114986,5/5/2016,3800,2.549999952,2.549999952,0,0.1199999973,0.2399999946,2.180000067,0,2,6,185,734,927,2120
4445114986,5/6/2016,4514,3.029999971,3.029999971,0,0,0,3.029999971,0,0,0,229,809,1038,2211
4445114986,5/7/2016,5183,3.589999914,3.589999914,0,2.130000114,0.1899999976,1.25,0,26,4,108,866,1004,2123
4445114986,5/8/2016,7303,4.900000095,4.900000095,0,0,0.25,4.650000095,0,0,8,308,733,1049,2423
4445114986,5/9/2016,5275,3.539999962,3.539999962,0,0,0,3.539999962,0,0,0,266,641,907,2281
4445114986,5/10/2016,3915,2.630000114,2.630000114,0,0,0,2.630000114,0,0,0,231,783,1014,2181
4445114986,5/11/2016,9105,6.110000134,6.110000134,0,2.25,1,2.859999895,0,34,22,232,622,910,2499
4445114986,5/12/2016,768,0.5199999809,0.5199999809,0,0,0,0.5199999809,0,0,0,58,380,438,1212
4558609924,4/12/2016,5135,3.390000105,3.390000105,0,0,0,3.390000105,0,0,0,318,1122,1440,1909
4558609924,4/13/2016,4978,3.289999962,3.289999962,0,1.24000001,0.4399999976,1.610000014,0,19,7,127,1287,1440,1722
4558609924,4/14/2016,6799,4.489999771,4.489999771,0,0,0,4.489999771,0,0,0,279,1161,1440,1922
4558609924,4/15/2016,7795,5.150000095,5.150000095,0,0.5899999738,0.8399999738,3.730000019,0,17,30,262,1131,1440,2121
4558609924,4/16/2016,7289,4.820000172,4.820000172,0,0.5500000119,0.75,3.5,0,8,12,308,1112,1440,1997
4558609924,4/17/2016,9634,6.400000095,6.400000095,0,0.5500000119,1.139999986,4.710000038,0,7,19,304,1110,1440,2117
4558609924,4/18/2016,8940,5.909999847,5.909999847,0,0.9800000191,0.9300000072,4,0,14,15,331,1080,1440,2116
4558609924,4/19/2016,5401,3.569999933,3.569999933,0,0.05000000075,0.3600000143,3.160000086,0,1,9,248,1182,1440,1876
4558609924,4/20/2016,4803,3.170000076,3.170000076,0,0,0,3.170000076,0,0,0,222,1218,1440,1788
4558609924,4/21/2016,13743,9.079999924,9.079999924,0,0.4199999869,0.9700000286,7.699999809,0,6,21,432,844,1303,2486
4558609924,4/22/2016,9601,6.349999905,6.349999905,0,1.370000005,1.5,3.470000029,0,20,25,273,1122,1440,2094
4558609924,4/23/2016,6890,4.550000191,4.550000191,0,0.3400000036,0.200000003,4.010000229,0,5,5,308,1122,1440,2085
4558609924,4/24/2016,8563,5.659999847,5.659999847,0,0,0,5.650000095,0,0,0,395,1045,1440,2173
4558609924,4/25/2016,8095,5.349999905,5.349999905,0,0.5899999738,0.25,4.510000229,0,18,10,340,993,1361,2225
4558609924,4/26/2016,9148,6.050000191,6.050000191,0,0.4300000072,2.029999971,3.589999914,0,12,41,283,1062,1398,2223
4558609924,4/27/2016,9557,6.320000172,6.320000172,0,1.960000038,0.8899999857,3.460000038,0,27,14,312,1087,1440,2098
4558609924,4/28/2016,9451,6.25,6.25,0,0.01999999955,0.2700000107,5.949999809,0,1,11,367,985,1364,2185
4558609924,4/29/2016,7833,5.179999828,5.179999828,0,1.019999981,1.850000024,2.309999943,0,15,29,197,1096,1337,1918
4558609924,4/30/2016,10319,6.820000172,6.820000172,0,0.4699999988,1.889999986,4.460000038,0,7,29,293,1111,1440,2105
4558609924,5/1/2016,3428,2.269999981,2.269999981,0,0,0,2.269999981,0,0,0,190,1121,1311,1692
4558609924,5/2/2016,7891,5.21999979,5.21999979,0,0,0,5.21999979,0,0,0,383,1057,1440,2066
4558609924,5/3/2016,5267,3.480000019,3.480000019,0,0.6000000238,0.2800000012,2.599999905,0,21,10,237,1172,1440,1953
4558609924,5/4/2016,5232,3.460000038,3.460000038,0,0,0,3.460000038,0,0,0,252,1188,1440,1842
4558609924,5/5/2016,10611,7.010000229,7.010000229,0,1.00999999,0.5,5.510000229,0,14,8,370,1048,1440,2262
4558609924,5/6/2016,3755,2.480000019,2.480000019,0,0,0,2.480000019,0,0,0,202,1238,1440,1722
4558609924,5/7/2016,8237,5.440000057,5.440000057,0,1.610000014,1,2.829999924,0,23,16,233,1116,1388,1973
4558609924,5/8/2016,6543,4.329999924,4.329999924,0,1.799999952,0.5,2.019999981,0,66,35,238,1019,1358,2666
4558609924,5/9/2016,11451,7.570000172,7.570000172,0,0.4300000072,1.620000005,5.519999981,0,6,30,339,1065,1440,2223
4558609924,5/10/2016,6435,4.25,4.25,0,0.7400000095,1.120000005,2.390000105,0,11,18,220,1191,1440,1889
4558609924,5/11/2016,9108,6.019999981,6.019999981,0,0.2599999905,1.820000052,3.940000057,0,4,31,324,1081,1440,2131
4558609924,5/12/2016,6307,4.170000076,4.170000076,0,0,0,4.170000076,0,0,0,247,736,983,1452
4702921684,4/12/2016,7213,5.880000114,5.880000114,0,0,0,5.849999905,0,0,0,263,718,981,2947
4702921684,4/13/2016,6877,5.579999924,5.579999924,0,0,0,5.579999924,0,0,0,258,777,1035,2898
4702921684,4/14/2016,7860,6.369999886,6.369999886,0,0,0,6.369999886,0,0,0,271,772,1043,2984
4702921684,4/15/2016,6506,5.28000021,5.28000021,0,0.0700000003,0.4199999869,4.789999962,0,1,8,256,944,1209,2896
4702921684,4/16/2016,11140,9.029999733,9.029999733,0,0.2399999946,1.25,7.539999962,0,3,24,335,556,918,3328
4702921684,4/17/2016,12692,10.28999996,10.28999996,0,0.9599999785,3.460000038,5.880000114,0,12,66,302,437,817,3394
4702921684,4/18/2016,9105,7.380000114,7.380000114,0,1.820000052,1.49000001,4.070000172,0,22,30,191,890,1133,3013
4702921684,4/19/2016,6708,5.440000057,5.440000057,0,0.8799999952,0.3700000048,4.190000057,0,10,8,179,757,954,2812
4702921684,4/20/2016,8793,7.130000114,7.130000114,0,0.1599999964,1.230000019,5.730000019,0,2,29,260,717,1008,3061
4702921684,4/21/2016,6530,5.300000191,5.300000191,0,0.3100000024,2.049999952,2.940000057,0,4,41,144,901,1090,2729
4702921684,4/22/2016,1664,1.350000024,1.350000024,0,0,0,1.350000024,0,0,0,72,1341,1413,2241
4702921684,4/23/2016,15126,12.27000046,12.27000046,0,0.7599999905,3.24000001,8.270000458,0,9,66,408,469,952,3691
4702921684,4/24/2016,15050,12.22000027,12.22000027,0,1.200000048,5.119999886,5.880000114,0,15,95,281,542,933,3538
4702921684,4/25/2016,9167,7.429999828,7.429999828,0,0.4900000095,0.8199999928,6.110000134,0,6,15,270,730,1021,3064
4702921684,4/26/2016,6108,4.949999809,4.949999809,0,0.0700000003,0.349999994,4.539999962,0,1,8,216,765,990,2784
4702921684,4/27/2016,7047,5.71999979,5.71999979,0,0.09000000358,0.8000000119,4.78000021,0,1,16,238,733,988,2908
4702921684,4/28/2016,9023,7.320000172,7.320000172,0,1.129999995,0.4199999869,5.769999981,0,14,9,232,738,993,3033
4702921684,4/29/2016,9930,8.050000191,8.050000191,0,1.059999943,0.9200000167,6.070000172,0,12,19,267,692,990,3165
4702921684,4/30/2016,10144,8.229999542,8.229999542,0,0.3199999928,2.029999971,5.880000114,0,4,36,263,728,1031,3115
4702921684,5/1/2016,0,0,0,0,0,0,0,0,0,0,0,1440,1440,2017
4702921684,5/2/2016,7245,5.920000076,5.920000076,0,0.3799999952,1.74000001,3.75999999,0,5,40,195,1131,1371,2859
4702921684,5/3/2016,9454,7.670000076,7.670000076,0,0,0,7.670000076,0,0,0,313,729,1042,3145
4702921684,5/4/2016,8161,6.619999886,6.619999886,0,0.3400000036,0.7300000191,5.539999962,0,4,15,251,757,1027,3004
4702921684,5/5/2016,8614,6.989999771,6.989999771,0,0.6700000167,0.2199999988,6.090000153,0,8,5,241,745,999,3006
4702921684,5/6/2016,6943,5.630000114,5.630000114,0,0.07999999821,0.6600000262,4.869999886,0,1,16,207,682,906,2859
4702921684,5/7/2016,14370,11.64999962,11.64999962,0,0.3700000048,2.309999943,8.970000267,0,5,46,439,577,1067,3683
4702921684,5/8/2016,12857,10.43000031,10.43000031,0,0.6800000072,6.210000038,3.539999962,0,9,125,192,1019,1345,3287
4702921684,5/9/2016,8232,6.679999828,6.679999828,0,0,0.5699999928,6.099999905,0,0,12,253,746,1011,2990
4702921684,5/10/2016,10613,8.609999657,8.609999657,0,0.07999999821,1.879999995,6.650000095,0,1,37,262,701,1001,3172
4702921684,5/11/2016,9810,7.960000038,7.960000038,0,0.7799999714,2.160000086,4.980000019,0,10,41,235,784,1070,3069
4702921684,5/12/2016,2752,2.230000019,2.230000019,0,0,0,2.230000019,0,0,0,68,241,309,1240
5553957443,4/12/2016,11596,7.570000172,7.570000172,0,1.370000005,0.7900000215,5.409999847,0,19,13,277,767,1076,2026
5553957443,4/13/2016,4832,3.160000086,3.160000086,0,0,0,3.160000086,0,0,0,226,647,873,1718
5553957443,4/14/2016,17022,11.11999989,11.11999989,0,4,2.450000048,4.670000076,0,61,41,256,693,1051,2324
5553957443,4/15/2016,16556,10.85999966,10.85999966,0,4.159999847,1.980000019,4.710000038,0,58,38,239,689,1024,2254
5553957443,4/16/2016,5771,3.769999981,3.769999981,0,0,0,3.769999981,0,0,0,288,521,809,1831
5553957443,4/17/2016,655,0.4300000072,0.4300000072,0,0,0,0.4300000072,0,0,0,46,943,989,1397
5553957443,4/18/2016,3727,2.430000067,2.430000067,0,0,0,2.430000067,0,0,0,206,622,828,1683
5553957443,4/19/2016,15482,10.10999966,10.10999966,0,4.28000021,1.659999967,4.179999828,0,69,28,249,756,1102,2284
5553957443,4/20/2016,2713,1.769999981,1.769999981,0,0,0,1.769999981,0,0,0,148,598,746,1570
5553957443,4/21/2016,12346,8.06000042,8.06000042,0,2.950000048,2.160000086,2.960000038,0,47,42,177,801,1067,2066
5553957443,4/22/2016,11682,7.630000114,7.630000114,0,1.379999995,0.6299999952,5.599999905,0,25,16,270,781,1092,2105
5553957443,4/23/2016,4112,2.690000057,2.690000057,0,0,0,2.680000067,0,0,0,272,443,715,1776
5553957443,4/24/2016,1807,1.179999948,1.179999948,0,0,0,1.179999948,0,0,0,104,582,686,1507
5553957443,4/25/2016,10946,7.190000057,7.190000057,0,2.930000067,0.5699999928,3.690000057,0,51,11,201,732,995,2033
5553957443,4/26/2016,11886,7.760000229,7.760000229,0,2.369999886,0.9300000072,4.460000038,0,40,18,238,750,1046,2093
5553957443,4/27/2016,10538,6.880000114,6.880000114,0,1.139999986,1,4.739999771,0,16,16,206,745,983,1922
5553957443,4/28/2016,11393,7.630000114,7.630000114,0,3.710000038,0.75,3.170000076,0,49,13,165,727,954,1999
5553957443,4/29/2016,12764,8.329999924,8.329999924,0,2.789999962,0.6399999857,4.909999847,0,46,15,270,709,1040,2169
5553957443,4/30/2016,1202,0.7799999714,0.7799999714,0,0,0,0.7799999714,0,0,0,84,506,590,1463
5553957443,5/1/2016,5164,3.369999886,3.369999886,0,0,0,3.369999886,0,0,0,237,436,673,1747
5553957443,5/2/2016,9769,6.380000114,6.380000114,0,1.059999943,0.4099999964,4.900000095,0,23,9,227,724,983,1996
5553957443,5/3/2016,12848,8.390000343,8.390000343,0,1.5,1.200000048,5.679999828,0,26,29,247,812,1114,2116
5553957443,5/4/2016,4249,2.769999981,2.769999981,0,0,0,2.769999981,0,0,0,224,651,875,1698
5553957443,5/5/2016,14331,9.510000229,9.510000229,0,3.430000067,1.659999967,4.429999828,0,44,29,241,692,1006,2156
5553957443,5/6/2016,9632,6.289999962,6.289999962,0,1.519999981,0.5400000215,4.230000019,0,21,9,229,761,1020,1916
5553957443,5/7/2016,1868,1.220000029,1.220000029,0,0,0,1.220000029,0,0,0,96,902,998,1494
5553957443,5/8/2016,6083,4,4,0,0.2199999988,0.4699999988,3.299999952,0,3,8,210,505,726,1762
5553957443,5/9/2016,11611,7.579999924,7.579999924,0,2.130000114,0.8899999857,4.559999943,0,59,22,251,667,999,2272
5553957443,5/10/2016,16358,10.71000004,10.71000004,0,3.869999886,1.610000014,5.199999809,0,61,40,265,707,1073,2335
5553957443,5/11/2016,4926,3.220000029,3.220000029,0,0,0,3.220000029,0,0,0,195,628,823,1693
5553957443,5/12/2016,3121,2.039999962,2.039999962,0,0.5799999833,0.400000006,1.059999943,0,8,6,48,222,284,741
5577150313,4/12/2016,8135,6.079999924,6.079999924,0,3.599999905,0.3799999952,2.099999905,0,86,16,140,728,970,3405
5577150313,4/13/2016,5077,3.789999962,3.789999962,0,0.3199999928,0.2199999988,3.25,0,15,11,144,776,946,2551
5577150313,4/14/2016,8596,6.420000076,6.420000076,0,3.329999924,0.3100000024,2.779999971,0,118,30,176,662,986,4022
5577150313,4/15/2016,12087,9.079999924,9.079999924,0,3.920000076,1.600000024,3.559999943,0,115,54,199,695,1063,4005
5577150313,4/16/2016,14269,10.65999985,10.65999985,0,6.639999866,1.279999971,2.730000019,0,184,56,158,472,870,4274
5577150313,4/17/2016,12231,9.140000343,9.140000343,0,5.980000019,0.8299999833,2.319999933,0,200,37,159,525,921,4552
5577150313,4/18/2016,9893,7.389999866,7.389999866,0,4.860000134,0.7200000286,1.820000052,0,114,32,130,623,899,3625
5577150313,4/19/2016,12574,9.420000076,9.420000076,0,7.019999981,0.6399999857,1.75999999,0,108,23,111,733,975,3501
5577150313,4/20/2016,8330,6.21999979,6.21999979,0,4.119999886,0.3400000036,1.75999999,0,87,16,113,773,989,3192
5577150313,4/21/2016,10830,8.090000153,8.090000153,0,3.650000095,1.659999967,2.779999971,0,110,74,175,670,1029,4018
5577150313,4/22/2016,9172,6.849999905,6.849999905,0,2.420000076,0.7900000215,3.299999952,0,62,30,200,823,1115,3329
5577150313,4/23/2016,7638,5.710000038,5.710000038,0,1.210000038,0.3600000143,4.139999866,0,24,24,223,627,898,3152
5577150313,4/24/2016,15764,11.77999973,11.77999973,0,7.650000095,2.150000095,1.980000019,0,210,65,141,425,841,4392
5577150313,4/25/2016,6393,4.78000021,4.78000021,0,1.350000024,0.6700000167,2.75999999,0,61,38,214,743,1056,3374
5577150313,4/26/2016,5325,3.980000019,3.980000019,0,0.8500000238,0.6499999762,2.470000029,0,38,32,181,759,1010,3088
5577150313,4/27/2016,6805,5.139999866,5.139999866,0,1.809999943,0.400000006,2.930000067,0,63,16,190,773,1042,3294
5577150313,4/28/2016,9841,7.429999828,7.429999828,0,3.25,1.169999957,3.00999999,0,99,51,141,692,983,3580
5577150313,4/29/2016,7924,5.920000076,5.920000076,0,2.839999914,0.6100000143,2.470000029,0,97,36,165,739,1037,3544
5577150313,4/30/2016,12363,9.239999771,9.239999771,0,5.829999924,0.7900000215,2.609999895,0,207,45,163,621,1036,4501
5577150313,5/1/2016,13368,9.989999771,9.989999771,0,5.309999943,1.440000057,3.24000001,0,194,72,178,499,943,4546
5577150313,5/2/2016,7439,5.559999943,5.559999943,0,1.120000005,0.349999994,4.070000172,0,37,20,235,732,1024,3014
5577150313,5/3/2016,11045,8.25,8.25,0,4.519999981,0.150000006,3.569999933,0,97,8,212,580,897,3795
5577150313,5/4/2016,5206,3.890000105,3.890000105,0,1.559999943,0.25,2.079999924,0,25,9,141,631,806,2755
5577150313,5/5/2016,7550,5.639999866,5.639999866,0,2.5,0.4699999988,2.670000076,0,45,21,143,1153,1362,3004
5577150313,5/6/2016,4950,3.700000048,3.700000048,0,1.929999948,0.3199999928,1.450000048,0,41,16,79,1304,1440,2643
5577150313,5/7/2016,0,0,0,0,0,0,0,0,0,0,0,1440,1440,1819
5577150313,5/8/2016,0,0,0,0,0,0,0,0,0,0,0,1440,1440,1819
5577150313,5/9/2016,3421,2.559999943,2.559999943,0,1.429999948,0.1400000006,0.9900000095,0,34,11,70,1099,1214,2489
5577150313,5/10/2016,8869,6.650000095,6.650000095,0,2.559999943,0.75,3.349999905,0,104,37,194,639,974,3841
5577150313,5/11/2016,4038,3.039999962,3.039999962,0,1.830000043,0.3000000119,0.8899999857,0,45,15,63,257,380,1665
6117666160,4/12/2016,0,0,0,0,0,0,0,0,0,0,0,1440,1440,1496
6117666160,4/13/2016,0,0,0,0,0,0,0,0,0,0,0,1440,1440,1496
6117666160,4/14/2016,0,0,0,0,0,0,0,0,0,0,0,1440,1440,1496
6117666160,4/15/2016,14019,10.59000015,10.59000015,0,0,0.2800000012,10.30000019,0,0,6,513,921,1440,2865
6117666160,4/16/2016,14450,10.90999985,10.90999985,0,0.5799999833,0.8500000238,9.479999542,0,7,15,518,502,1042,2828
6117666160,4/17/2016,7150,5.400000095,5.400000095,0,0,0,5.400000095,0,0,0,312,702,1014,2225
6117666160,4/18/2016,5153,3.910000086,3.910000086,0,0,0,3.890000105,0,0,0,241,759,1000,2018
6117666160,4/19/2016,11135,8.409999847,8.409999847,0,0,0,8.409999847,0,0,0,480,425,905,2606
6117666160,4/20/2016,10449,8.020000458,8.020000458,0,2.029999971,0.4799999893,5.519999981,0,26,10,349,587,972,2536
6117666160,4/21/2016,19542,15.01000023,15.01000023,0,0.9800000191,0.400000006,5.619999886,0,11,19,294,579,903,4900
6117666160,4/22/2016,8206,6.199999809,6.199999809,0,0,0,6.199999809,0,0,0,402,413,815,2409
6117666160,4/23/2016,11495,8.680000305,8.680000305,0,0,0,8.680000305,0,0,0,512,468,980,2651
6117666160,4/24/2016,7623,5.760000229,5.760000229,0,0,0,5.760000229,0,0,0,362,711,1073,2305
6117666160,4/25/2016,0,0,0,0,0,0,0,0,0,0,0,1440,1440,1497
6117666160,4/26/2016,9543,7.210000038,7.210000038,0,0,0.3400000036,6.869999886,0,0,7,352,1077,1436,2450
6117666160,4/27/2016,9411,7.110000134,7.110000134,0,0,0,7.110000134,0,0,0,458,417,875,2576
6117666160,4/28/2016,3403,2.599999905,2.599999905,0,0,0,2.599999905,0,0,0,141,758,899,1879
6117666160,4/29/2016,9592,7.239999771,7.239999771,0,0,0,7.239999771,0,0,0,461,479,940,2560
6117666160,4/30/2016,6987,5.28000021,5.28000021,0,0,0,5.28000021,0,0,0,343,1040,1383,2275
6117666160,5/1/2016,8915,6.730000019,6.730000019,0,0,0,6.730000019,0,0,0,397,525,922,2361
6117666160,5/2/2016,4933,3.730000019,3.730000019,0,0,0,3.730000019,0,0,0,236,1204,1440,2044
6117666160,5/3/2016,0,0,0,0,0,0,0,0,0,0,0,1440,1440,1496
6117666160,5/4/2016,2997,2.25999999,2.25999999,0,0,0,2.25999999,0,0,0,156,1279,1435,1902
6117666160,5/5/2016,9799,7.400000095,7.400000095,0,0,0,7.400000095,0,0,0,487,479,966,2636
6117666160,5/6/2016,3365,2.680000067,2.680000067,0,0,0,2.680000067,0,0,0,133,673,806,1838
6117666160,5/7/2016,7336,5.539999962,5.539999962,0,0,0,5.539999962,0,0,0,412,456,868,2469
6117666160,5/8/2016,7328,5.53000021,5.53000021,0,0,0,5.53000021,0,0,0,318,517,835,2250
6117666160,5/9/2016,4477,3.380000114,3.380000114,0,0,0,3.380000114,0,0,0,197,125,322,1248
6290855005,4/12/2016,4562,3.450000048,3.450000048,0,0,0,3.450000048,0,0,0,199,1241,1440,2560
6290855005,4/13/2016,7142,5.400000095,5.400000095,0,0,0,5.389999866,0.009999999776,0,0,350,1090,1440,2905
6290855005,4/14/2016,7671,5.800000191,5.800000191,0,0,0,5.769999981,0.02999999933,0,0,363,1077,1440,2952
6290855005,4/15/2016,9501,7.179999828,7.179999828,0,0,0,7.170000076,0.009999999776,0,0,328,1112,1440,2896
6290855005,4/16/2016,8301,6.28000021,6.28000021,0,0,0,6.269999981,0.009999999776,0,0,258,1182,1440,2783
6290855005,4/17/2016,7851,5.940000057,5.940000057,0,1.139999986,0.7900000215,4,0,31,12,225,1172,1440,3171
6290855005,4/18/2016,6885,5.210000038,5.210000038,0,0,0,5.190000057,0.01999999955,0,0,271,1169,1440,2766
6290855005,4/19/2016,7142,5.400000095,5.400000095,0,0,0,5.389999866,0.009999999776,0,0,321,1119,1440,2839
6290855005,4/20/2016,6361,4.809999943,4.809999943,0,0,0,4.800000191,0.009999999776,0,0,258,1182,1440,2701
6290855005,4/21/2016,0,0,0,0,0,0,0,0,0,0,0,1440,1440,2060
6290855005,4/22/2016,6238,4.71999979,4.71999979,0,0,0,4.71999979,0,0,0,302,1138,1440,2796
6290855005,4/23/2016,0,0,0,0,0,0,0,0,33,0,0,1407,1440,2664
6290855005,4/24/2016,5896,4.460000038,4.460000038,0,0,0,4.460000038,0,0,0,258,1182,1440,2703
6290855005,4/25/2016,7802,5.900000095,5.900000095,0,0.6800000072,0.1800000072,5.03000021,0.009999999776,8,3,249,1180,1440,2771
6290855005,4/26/2016,0,0,0,0,0,0,0,0,0,0,0,1440,1440,2060
6290855005,4/27/2016,5565,4.210000038,4.210000038,0,0,0,4.179999828,0.02999999933,0,0,287,1153,1440,2743
6290855005,4/28/2016,5731,4.329999924,4.329999924,0,0,0,4.329999924,0,0,0,255,1185,1440,2687
6290855005,4/29/2016,0,0,0,0,0,0,0,0,0,0,0,1440,1440,2060
6290855005,4/30/2016,6744,5.099999905,5.099999905,0,0,0,5.090000153,0.009999999776,0,0,324,1116,1440,2843
6290855005,5/1/2016,9837,7.440000057,7.440000057,0,0.6600000262,2.75,4,0.01999999955,8,95,282,1055,1440,3327
6290855005,5/2/2016,6781,5.130000114,5.130000114,0,0,0,5.110000134,0.01999999955,0,0,268,1172,1440,2725
6290855005,5/3/2016,6047,4.570000172,4.570000172,0,0,0,4.570000172,0,0,0,240,1200,1440,2671
6290855005,5/4/2016,5832,4.409999847,4.409999847,0,0,0,4.400000095,0.009999999776,0,0,272,1168,1440,2718
6290855005,5/5/2016,6339,4.789999962,4.789999962,0,0,0,4.789999962,0,0,0,239,1201,1440,2682
6290855005,5/6/2016,6116,4.619999886,4.619999886,0,0,0,4.590000153,0.02999999933,0,0,305,1135,1440,2806
6290855005,5/7/2016,5510,4.170000076,4.170000076,0,0,0,4.159999847,0,0,0,227,1213,1440,2613
6290855005,5/8/2016,7706,5.829999924,5.829999924,0,0,0,5.820000172,0,0,0,251,1189,1440,2712
6290855005,5/9/2016,6277,4.75,4.75,0,0,0,4.730000019,0.01999999955,0,0,264,800,1064,2175
6290855005,5/10/2016,0,0,0,0,0,0,0,0,0,0,0,1440,1440,0
6775888955,4/12/2016,0,0,0,0,0,0,0,0,0,0,0,1440,1440,1841
6775888955,4/13/2016,4053,2.910000086,2.910000086,0,1.110000014,0.5799999833,1.220000029,0,17,18,85,1053,1173,2400
6775888955,4/14/2016,5162,3.700000048,3.700000048,0,0.8700000048,0.8600000143,1.970000029,0,14,24,105,863,1006,2507
6775888955,4/15/2016,1282,0.9200000167,0.9200000167,0,0,0,0.9200000167,0,0,0,58,976,1034,2127
6775888955,4/16/2016,4732,3.390000105,3.390000105,0,2.519999981,0.8100000024,0.05999999866,0,36,18,9,1377,1440,2225
6775888955,4/17/2016,2497,1.789999962,1.789999962,0,0.349999994,1.129999995,0.3100000024,0,5,24,19,1392,1440,2067
6775888955,4/18/2016,8294,5.949999809,5.949999809,0,2,0.7699999809,3.170000076,0,30,31,146,1233,1440,2798
6775888955,4/19/2016,0,0,0,0,0,0,0,0,0,0,0,1440,1440,1841
6775888955,4/20/2016,10771,7.71999979,7.71999979,0,3.769999981,1.74000001,2.220000029,0,70,113,178,1079,1440,3727
6775888955,4/21/2016,0,0,0,0,0,0,0,0,0,0,0,1440,1440,1841
6775888955,4/22/2016,637,0.4600000083,0.4600000083,0,0,0,0.4600000083,0,0,0,20,1420,1440,1922
6775888955,4/23/2016,0,0,0,0,0,0,0,0,0,0,0,1440,1440,1841
6775888955,4/24/2016,2153,1.539999962,1.539999962,0,0.7699999809,0.6200000048,0.150000006,0,11,18,11,1400,1440,2053
6775888955,4/25/2016,6474,4.639999866,4.639999866,0,2.269999981,0.4600000083,1.899999976,0,33,13,92,1302,1440,2484
6775888955,4/26/2016,7091,5.269999981,5.269999981,1.959596038,3.480000019,0.8700000048,0.7300000191,0,42,30,47,1321,1440,2584
6775888955,4/27/2016,0,0,0,0,0,0,0,0,0,0,0,1440,1440,1841
6775888955,4/28/2016,703,0.5,0.5,0,0.05999999866,0.200000003,0.2399999946,0,2,13,15,1410,1440,1993
6775888955,4/29/2016,0,0,0,0,0,0,0,0,0,0,0,1440,1440,1841
6775888955,4/30/2016,2503,1.789999962,1.789999962,0,0.1599999964,0.1599999964,1.480000019,0,3,9,84,1344,1440,2280
6775888955,5/1/2016,2487,1.779999971,1.779999971,0,0.4799999893,0.6200000048,0.6800000072,0,9,34,50,1347,1440,2319
6775888955,5/2/2016,0,0,0,0,0,0,0,0,0,0,0,1440,1440,1841
6775888955,5/3/2016,9,0.009999999776,0.009999999776,0,0,0,0.009999999776,0,0,0,1,1439,1440,1843
6775888955,5/4/2016,0,0,0,0,0,0,0,0,0,0,0,1440,1440,1841
6775888955,5/5/2016,0,0,0,0,0,0,0,0,0,0,0,1440,1440,1841
6775888955,5/6/2016,4697,3.369999886,3.369999886,0,0.4699999988,0.9300000072,1.929999948,0,12,35,75,1318,1440,2496
6775888955,5/7/2016,1967,1.409999967,1.409999967,0,0.1299999952,0.2399999946,1.049999952,0,2,5,49,551,607,1032
6962181067,4/12/2016,10199,6.739999771,6.739999771,0,3.400000095,0.8299999833,2.50999999,0,50,14,189,796,1049,1994
6962181067,4/13/2016,5652,3.74000001,3.74000001,0,0.5699999928,1.210000038,1.960000038,0,8,24,142,548,722,1718
6962181067,4/14/2016,1551,1.029999971,1.029999971,0,0,0,1.029999971,0,0,0,86,862,948,1466
6962181067,4/15/2016,5563,3.680000067,3.680000067,0,0,0,3.680000067,0,0,0,217,837,1054,1756
6962181067,4/16/2016,13217,8.739999771,8.739999771,0,3.660000086,0.1899999976,4.880000114,0,50,3,280,741,1074,2173
6962181067,4/17/2016,10145,6.710000038,6.710000038,0,0.3300000131,0.6800000072,5.690000057,0,5,13,295,634,947,2027
6962181067,4/18/2016,11404,7.539999962,7.539999962,0,0.8299999833,2.390000105,4.320000172,0,13,42,238,689,982,2039
6962181067,4/19/2016,10742,7.099999905,7.099999905,0,2.099999905,2.130000114,2.869999886,0,35,41,195,659,930,2046
6962181067,4/20/2016,13928,9.550000191,9.550000191,0,4.28000021,0.1899999976,5.090000153,0,48,4,297,639,988,2174
6962181067,4/21/2016,11835,9.710000038,7.880000114,4.081692219,3.99000001,2.099999905,3.50999999,0.1099999994,53,27,214,708,1002,2179
6962181067,4/22/2016,10725,7.090000153,7.090000153,0,1.769999981,1.549999952,3.769999981,0,30,33,240,659,962,2086
6962181067,4/23/2016,20031,13.23999977,13.23999977,0,4.199999809,2,7.039999962,0,58,41,347,484,930,2571
6962181067,4/24/2016,5029,3.319999933,3.319999933,0,0,0,3.319999933,0,0,0,199,720,919,1705
6962181067,4/25/2016,13239,9.270000458,9.079999924,2.785175085,3.019999981,1.679999948,4.460000038,0.1000000015,35,31,282,637,985,2194
6962181067,4/26/2016,10433,6.900000095,6.900000095,0,2.579999924,0.4199999869,3.900000095,0,36,7,254,680,977,2012
6962181067,4/27/2016,10320,6.820000172,6.820000172,0,0.5500000119,2.019999981,4.25,0,7,38,279,697,1021,2034
6962181067,4/28/2016,12627,8.350000381,8.350000381,0,2.50999999,0.2399999946,5.590000153,0,38,8,288,621,955,2182
6962181067,4/29/2016,10762,7.110000134,7.110000134,0,0.8199999928,0.4799999893,5.809999943,0,12,15,369,645,1041,2254
6962181067,4/30/2016,10081,6.659999847,6.659999847,0,2.24000001,0.7599999905,3.670000076,0,32,16,237,731,1016,2002
6962181067,5/1/2016,5454,3.609999895,3.609999895,0,0,0,3.609999895,0,0,0,215,722,937,1740
6962181067,5/2/2016,12912,8.539999962,8.539999962,0,1.200000048,2,5.340000153,0,18,39,313,655,1025,2162
6962181067,5/3/2016,12109,8.119999886,8.119999886,0,1.74000001,2.039999962,4.329999924,0,21,36,267,654,978,2072
6962181067,5/4/2016,10147,6.710000038,6.710000038,0,0.4699999988,1.679999948,4.550000191,0,15,36,284,683,1018,2086
6962181067,5/5/2016,10524,6.960000038,6.960000038,0,0.9900000095,1.159999967,4.809999943,0,14,22,305,591,932,2066
6962181067,5/6/2016,5908,3.910000086,3.910000086,0,0,0,3.910000086,0,0,0,299,717,1016,1850
6962181067,5/7/2016,6815,4.5,4.5,0,0,0,4.5,0,0,0,328,745,1073,1947
6962181067,5/8/2016,4188,2.769999981,2.769999981,0,0,0.5199999809,2.25,0,0,14,151,709,874,1659
6962181067,5/9/2016,12342,8.720000267,8.680000305,3.167821884,3.900000095,1.179999948,3.650000095,0,43,21,231,607,902,2105
6962181067,5/10/2016,15448,10.21000004,10.21000004,0,3.470000029,1.75,4.989999771,0,62,34,275,626,997,2361
6962181067,5/11/2016,6722,4.440000057,4.440000057,0,1.49000001,0.3100000024,2.650000095,0,24,7,199,709,939,1855
6962181067,5/12/2016,3587,2.369999886,2.369999886,0,0,0.25,2.109999895,0,0,8,105,127,240,928
7007744171,4/12/2016,14172,10.28999996,9.479999542,4.869782925,4.5,0.3799999952,5.409999847,0,53,8,355,1024,1440,2937
7007744171,4/13/2016,12862,9.649999619,8.600000381,4.851306915,4.610000134,0.5600000024,4.480000019,0,56,22,261,1101,1440,2742
7007744171,4/14/2016,11179,8.239999771,7.480000019,3.285414934,2.950000048,0.3400000036,4.960000038,0,34,6,304,1096,1440,2668
7007744171,4/15/2016,5273,3.529999971,3.529999971,0,0,0,3.529999971,0,0,0,202,1238,1440,2098
7007744171,4/16/2016,4631,3.099999905,3.099999905,0,0,0,3.099999905,0,0,0,203,1155,1358,2076
7007744171,4/17/2016,8059,5.389999866,5.389999866,0,0,0,5.389999866,0,0,0,305,1135,1440,2383
7007744171,4/18/2016,14816,10.97999954,9.909999847,4.930550098,3.789999962,2.119999886,5.050000191,0.01999999955,48,31,284,1077,1440,2832
7007744171,4/19/2016,14194,10.47999954,9.5,4.94214201,4.409999847,0.7599999905,5.309999943,0,53,17,304,1066,1440,2812
7007744171,4/20/2016,15566,11.31000042,10.40999985,4.924840927,4.789999962,0.6700000167,5.860000134,0,60,33,347,1000,1440,3096
7007744171,4/21/2016,13744,9.18999958,9.18999958,0,2.150000095,1.870000005,5.170000076,0,30,34,327,1049,1440,2763
7007744171,4/22/2016,15299,10.23999977,10.23999977,0,4.099999905,1.75999999,4.369999886,0,64,50,261,1065,1440,2889
7007744171,4/23/2016,8093,5.409999847,5.409999847,0,0.1299999952,1.129999995,4.150000095,0,2,25,223,1190,1440,2284
7007744171,4/24/2016,11085,7.420000076,7.420000076,0,0,0,7.420000076,0,0,0,419,1021,1440,2667
7007744171,4/25/2016,18229,13.34000015,12.19999981,4.861792088,4.309999943,1.370000005,7.670000076,0,51,24,379,986,1440,3055
7007744171,4/26/2016,15090,10.10000038,10.10000038,0,0.9300000072,0.9399999976,8.229999542,0,16,22,424,978,1440,2939
7007744171,4/27/2016,13541,10.22000027,9.06000042,4.885604858,4.269999981,0.6600000262,5.289999962,0,50,12,337,1041,1440,2830
7007744171,4/28/2016,15128,10.11999989,10.11999989,0,1.090000033,0.7699999809,8.260000229,0,16,16,401,1007,1440,2836
7007744171,4/29/2016,20067,14.30000019,13.42000008,4.911146164,4.309999943,2.049999952,7.949999809,0,55,42,382,961,1440,3180
7007744171,4/30/2016,3761,2.519999981,2.519999981,0,0,0,2.519999981,0,0,0,200,1240,1440,2051
7007744171,5/1/2016,5600,3.75,3.75,0,0,0,3.75,0,0,0,237,1142,1379,2225
7007744171,5/2/2016,13041,9.180000305,8.720000267,2.832325935,4.639999866,0.6999999881,3.829999924,0,64,14,250,1112,1440,2642
7007744171,5/3/2016,14510,10.86999989,9.710000038,4.912367821,4.480000019,1.019999981,5.360000134,0,58,31,330,1021,1440,2976
7007744171,5/4/2016,0,0,0,0,0,0,0,0,0,0,0,1440,1440,1557
7007744171,5/5/2016,15010,11.10000038,10.03999996,4.878232002,4.329999924,1.289999962,5.480000019,0,53,23,317,1047,1440,2933
7007744171,5/6/2016,11459,7.670000076,7.670000076,0,3,0.8100000024,3.859999895,0,44,13,247,1136,1440,2553
7007744171,5/7/2016,0,0,0,0,0,0,0,0,0,0,0,111,111,120
7086361926,4/12/2016,11317,8.409999847,8.409999847,0,5.269999981,0.150000006,2.970000029,0,59,6,153,745,963,2772
7086361926,4/13/2016,5813,3.619999886,3.619999886,0,0.5600000024,0.2099999934,2.839999914,0,31,26,155,744,956,2516
7086361926,4/14/2016,9123,6.119999886,6.119999886,0,2.029999971,0.3300000131,3.660000086,0,35,32,189,787,1043,2734
7086361926,4/15/2016,8585,5.670000076,5.670000076,0,2.039999962,1.110000014,2.529999971,0,30,21,139,864,1054,2395
7086361926,4/16/2016,31,0.009999999776,0.009999999776,0,0,0,0.009999999776,0,0,0,3,1437,1440,1635
7086361926,4/17/2016,0,0,0,0,0,0,0,0,0,0,0,1440,1440,1629
7086361926,4/18/2016,9827,6.710000038,6.710000038,0,3.170000076,1.220000029,2.309999943,0,61,51,114,1136,1362,2743
7086361926,4/19/2016,10688,7.289999962,7.289999962,0,3.529999971,1.230000019,2.50999999,0,67,69,124,671,931,2944
7086361926,4/20/2016,14365,10.64000034,10.64000034,0,7.639999866,0.4499999881,2.539999962,0,87,13,145,797,1042,2997
7086361926,4/21/2016,9469,6.179999828,6.179999828,0,1.360000014,0.3000000119,4.510000229,0,19,6,206,758,989,2463
7086361926,4/22/2016,9753,6.53000021,6.53000021,0,2.869999886,0.9700000286,2.670000076,0,58,59,153,762,1032,2846
7086361926,4/23/2016,2817,1.809999943,1.809999943,0,0,0,1.799999952,0,0,0,90,1350,1440,1965
7086361926,4/24/2016,3520,2.160000086,2.160000086,0,0,0,2.150000095,0,0,0,125,566,691,2049
7086361926,4/25/2016,10091,6.820000172,6.820000172,0,3.75,0.6999999881,2.369999886,0,69,39,129,706,943,2752
7086361926,4/26/2016,10387,7.070000172,7.070000172,0,4.159999847,0.7699999809,2.119999886,0,70,33,132,726,961,2781
7086361926,4/27/2016,11107,8.340000153,8.340000153,0,5.630000114,0.1800000072,2.529999971,0,55,6,145,829,1035,2693
7086361926,4/28/2016,11584,7.800000191,7.800000191,0,2.789999962,1.639999986,3.359999895,0,54,48,161,810,1073,2862
7086361926,4/29/2016,7881,4.949999809,4.949999809,0,0.4900000095,0.4499999881,4,0,24,36,182,1198,1440,2616
7086361926,4/30/2016,14560,9.409999847,9.409999847,0,3.119999886,1.039999962,5.239999771,0,42,17,308,584,951,2995
7086361926,5/1/2016,12390,8.069999695,8.069999695,0,2.299999952,0.8999999762,4.849999905,0,30,15,258,685,988,2730
7086361926,5/2/2016,10052,6.809999943,6.809999943,0,3.480000019,0.6600000262,2.660000086,0,66,26,139,737,968,2754
7086361926,5/3/2016,10288,6.760000229,6.760000229,0,2.74000001,0.8500000238,3.160000086,0,57,36,152,761,1006,2754
7086361926,5/4/2016,10988,8.31000042,8.31000042,0,5.28000021,0.1199999973,2.900000095,0,45,12,135,843,1035,2655
7086361926,5/5/2016,8564,5.599999905,5.599999905,0,1.779999971,0.8299999833,2.950000048,0,24,14,149,1253,1440,2386
7086361926,5/6/2016,12461,8.380000114,8.380000114,0,3.819999933,1.429999948,3.119999886,0,84,35,154,834,1107,2924
7086361926,5/7/2016,12827,8.479999542,8.479999542,0,1.460000038,2.329999924,4.679999828,0,20,42,209,621,892,2739
7086361926,5/8/2016,10677,7.099999905,7.099999905,0,2.309999943,1.529999971,3.25,0,32,27,147,695,901,2534
7086361926,5/9/2016,13566,9.109999657,9.109999657,0,4.260000229,1.710000038,3.119999886,0,67,50,171,743,1031,2960
7086361926,5/10/2016,14433,10.78999996,10.78999996,0,7.110000134,1.200000048,2.450000048,0,72,23,106,1182,1383,2800
7086361926,5/11/2016,9572,6.519999981,6.519999981,0,2.890000105,1.389999986,2.230000019,0,57,40,128,757,982,2735
7086361926,5/12/2016,3789,2.559999943,2.559999943,0,0.3799999952,0.2700000107,1.889999986,0,5,4,58,343,410,1199
8053475328,4/12/2016,18060,14.11999989,14.11999989,0,11.64000034,0.3899999857,2.099999905,0,116,8,123,1193,1440,3186
8053475328,4/13/2016,16433,13.35000038,13.35000038,0,10.43000031,0.4699999988,2.450000048,0,95,12,156,1177,1440,3140
8053475328,4/14/2016,20159,15.97000027,15.97000027,0,12.34000015,0.2099999934,3.359999895,0,119,5,193,1123,1440,3411
8053475328,4/15/2016,20669,16.23999977,16.23999977,0,13.26000023,0.3899999857,2.589999914,0,132,8,158,1142,1440,3410
8053475328,4/16/2016,14549,11.10999966,11.10999966,0,9.359999657,0.2700000107,1.49000001,0,96,6,83,1255,1440,2867
8053475328,4/17/2016,18827,13.68999958,13.68999958,0,9.239999771,0.8000000119,3.640000105,0,111,21,195,1113,1440,3213
8053475328,4/18/2016,17076,12.65999985,12.65999985,0,9.079999924,0.2300000042,3.349999905,0,102,6,195,1137,1440,3133
8053475328,4/19/2016,15929,12.47999954,12.47999954,0,9.220000267,0.3100000024,2.950000048,0,90,7,191,1152,1440,3114
8053475328,4/20/2016,15108,12.18999958,12.18999958,0,9.579999924,0.2300000042,2.380000114,0,89,5,158,695,947,3043
8053475328,4/21/2016,16057,12.51000023,12.51000023,0,9.670000076,0.25,2.579999924,0,100,6,170,1164,1440,3103
8053475328,4/22/2016,10520,8.289999962,8.289999962,0,6.260000229,0.150000006,1.879999995,0,60,3,117,1260,1440,2655
8053475328,4/23/2016,22359,17.19000053,17.19000053,0,12.53999996,0.6299999952,4.019999981,0,125,14,223,741,1103,3554
8053475328,4/24/2016,22988,17.95000076,17.95000076,0,13.13000011,1.549999952,3.25999999,0,129,33,182,1096,1440,3577
8053475328,4/25/2016,20500,15.68999958,15.68999958,0,11.36999989,0.4600000083,3.859999895,0,118,9,209,1104,1440,3403
8053475328,4/26/2016,12685,9.619999886,9.619999886,0,6.309999943,0.200000003,3.099999905,0,68,5,185,1182,1440,2846
8053475328,4/27/2016,12422,9.819999695,9.819999695,0,6.460000038,0.4300000072,2.930000067,0,60,10,183,1187,1440,2852
8053475328,4/28/2016,15447,12.39999962,12.39999962,0,9.670000076,0.3899999857,2.349999905,0,90,9,153,1188,1440,3062
8053475328,4/29/2016,12315,9.649999619,9.649999619,0,6.170000076,0.3100000024,3.170000076,0,58,8,159,1215,1440,2794
8053475328,4/30/2016,7135,5.590000153,5.590000153,0,2.99000001,0.05999999866,2.539999962,0,27,1,131,1281,1440,2408
8053475328,5/1/2016,1170,0.8500000238,0.8500000238,0,0,0,0.8500000238,0,0,0,51,1389,1440,1886
8053475328,5/2/2016,1969,1.429999948,1.429999948,0,0,0,1.429999948,0,0,0,95,1345,1440,1988
8053475328,5/3/2016,15484,11.89999962,11.89999962,0,8.390000343,0.9300000072,2.589999914,0,87,22,165,1166,1440,3023
8053475328,5/4/2016,14581,11.14999962,11.14999962,0,8.819999695,0.400000006,1.909999967,0,89,8,123,1220,1440,2918
8053475328,5/5/2016,14990,11.51000023,11.51000023,0,8.850000381,0.4499999881,2.210000038,0,93,9,130,1208,1440,2950
8053475328,5/6/2016,13953,11,11,0,9.100000381,0.6899999976,1.210000038,0,90,15,90,1245,1440,2859
8053475328,5/7/2016,19769,15.67000008,15.67000008,0,12.43999958,0.8799999952,2.349999905,0,121,20,148,1076,1365,3331
8053475328,5/8/2016,22026,17.64999962,17.64999962,0,13.39999962,0.5899999738,3.660000086,0,125,14,228,1073,1440,3589
8053475328,5/9/2016,12465,9.380000114,9.380000114,0,6.119999886,0.5699999928,2.690000057,0,66,12,148,1214,1440,2765
8053475328,5/10/2016,14810,11.35999966,11.35999966,0,9.090000153,0.4199999869,1.850000024,0,96,10,115,1219,1440,2926
8053475328,5/11/2016,12209,9.399999619,9.399999619,0,6.079999924,0.2800000012,3.039999962,0,60,7,184,1189,1440,2809
8053475328,5/12/2016,4998,3.910000086,3.910000086,0,2.950000048,0.200000003,0.7599999905,0,28,4,39,839,910,1505
8253242879,4/12/2016,9033,7.159999847,7.159999847,0,5.429999828,0.1400000006,1.590000033,0,40,2,154,1244,1440,2044
8253242879,4/13/2016,8053,6.099999905,6.099999905,0,4.170000076,0.6299999952,1.309999943,0,35,11,96,1298,1440,1935
8253242879,4/14/2016,5234,3.460000038,3.460000038,0,1.929999948,0.9900000095,0.5400000215,0,29,16,33,1362,1440,1705
8253242879,4/15/2016,2672,1.769999981,1.769999981,0,0,0,1.75999999,0,0,0,105,1335,1440,1632
8253242879,4/16/2016,9256,6.139999866,6.139999866,0,0.4300000072,3.269999981,2.450000048,0,6,51,115,1268,1440,1880
8253242879,4/17/2016,10204,7.909999847,7.909999847,0,5.429999828,0.150000006,2.329999924,0,41,5,157,1237,1440,2112
8253242879,4/18/2016,5151,3.480000019,3.480000019,0,1.039999962,0.6299999952,1.799999952,0,16,16,130,1278,1440,1829
8253242879,4/19/2016,4212,2.779999971,2.779999971,0,0,0,2.779999971,0,0,0,164,1276,1440,1763
8253242879,4/20/2016,6466,4.269999981,4.269999981,0,0.3300000131,0.8199999928,3.109999895,0.009999999776,5,18,216,1201,1440,1931
8253242879,4/21/2016,11268,8.56000042,8.56000042,0,5.880000114,0.9300000072,1.75,0,49,20,172,1199,1440,2218
8253242879,4/22/2016,2824,1.870000005,1.870000005,0,0,0,1.870000005,0,0,0,120,1320,1440,1651
8253242879,4/23/2016,9282,6.260000229,6.260000229,0,2.089999914,1.039999962,3.130000114,0,30,26,191,1193,1440,2132
8253242879,4/24/2016,8905,7.130000114,7.130000114,0,5.599999905,0.1899999976,1.340000033,0,41,4,82,1313,1440,1976
8253242879,4/25/2016,6829,4.510000229,4.510000229,0,0.3600000143,2.390000105,1.769999981,0,7,54,118,1261,1440,1909
8253242879,4/26/2016,4562,3.039999962,3.039999962,0,1.179999948,0.4900000095,1.370000005,0,19,14,108,1299,1440,1813
8253242879,4/27/2016,10232,8.180000305,8.180000305,0,6.239999771,0.2300000042,1.700000048,0,45,5,104,1286,1440,2008
8253242879,4/28/2016,2718,1.799999952,1.799999952,0,0.6700000167,0.7799999714,0.3400000036,0,11,16,20,1393,1440,1580
8253242879,4/29/2016,6260,4.260000229,4.260000229,0,1.289999962,0.5400000215,2.400000095,0,16,14,136,1257,1423,1854
8253242879,4/30/2016,0,0,0,0,0,0,0,0,0,0,0,1440,1440,0
8378563200,4/12/2016,7626,6.050000191,6.050000191,2.253081083,0.8299999833,0.7099999785,4.5,0,65,15,156,723,959,3635
8378563200,4/13/2016,12386,9.819999695,9.819999695,2.092147112,4.960000038,0.6499999762,4.210000038,0,116,14,169,680,979,4079
8378563200,4/14/2016,13318,10.56000042,10.56000042,2.253081083,5.619999886,1.029999971,3.910000086,0,123,21,174,699,1017,4163
8378563200,4/15/2016,14461,11.47000027,11.47000027,0,4.909999847,1.149999976,5.409999847,0,60,23,190,729,1002,3666
8378563200,4/16/2016,11207,8.890000343,8.890000343,0,5.369999886,1.070000052,2.440000057,0,64,21,142,563,790,3363
8378563200,4/17/2016,2132,1.690000057,1.690000057,0,0,0,1.690000057,0,0,0,93,599,692,2572
8378563200,4/18/2016,13630,10.81000042,10.81000042,2.092147112,5.050000191,0.5600000024,5.199999809,0,117,10,174,720,1021,4157
8378563200,4/19/2016,13070,10.35999966,10.35999966,2.253081083,5.300000191,0.8799999952,4.179999828,0,120,19,154,737,1030,4092
8378563200,4/20/2016,9388,7.440000057,7.440000057,2.092147112,2.230000019,0.4399999976,4.78000021,0,82,8,169,763,1022,3787
8378563200,4/21/2016,15148,12.01000023,12.01000023,2.253081083,6.900000095,0.8199999928,4.289999962,0,137,16,145,677,975,4236
8378563200,4/22/2016,12200,9.670000076,9.670000076,2.092147112,4.909999847,0.5899999738,4.179999828,0,113,12,159,769,1053,4044
8378563200,4/23/2016,5709,4.53000021,4.53000021,0,1.519999981,0.5199999809,2.480000019,0,19,10,136,740,905,2908
8378563200,4/24/2016,3703,2.940000057,2.940000057,0,0,0,2.940000057,0,0,0,135,734,869,2741
8378563200,4/25/2016,12405,9.840000153,9.840000153,2.092147112,5.050000191,0.8700000048,3.920000076,0,117,16,141,692,966,4005
8378563200,4/26/2016,16208,12.85000038,12.85000038,0,7.510000229,0.9200000167,4.420000076,0,90,18,161,593,862,3763
8378563200,4/27/2016,7359,5.840000153,5.840000153,0,0.3300000131,0.1800000072,5.329999924,0,4,4,192,676,876,3061
8378563200,4/28/2016,5417,4.300000191,4.300000191,0,0.8999999762,0.4900000095,2.910000086,0,11,10,139,711,871,2884
8378563200,4/29/2016,6175,4.900000095,4.900000095,0,0.25,0.3600000143,4.269999981,0,3,7,172,767,949,2982
8378563200,4/30/2016,2946,2.339999914,2.339999914,0,0,0,2.339999914,0,0,0,121,780,901,2660
8378563200,5/1/2016,11419,9.06000042,9.06000042,0,6.03000021,0.5600000024,2.470000029,0,71,10,127,669,877,3369
8378563200,5/2/2016,6064,4.809999943,4.809999943,2.092147112,0.6299999952,0.1700000018,4.010000229,0,63,4,142,802,1011,3491
8378563200,5/3/2016,8712,6.909999847,6.909999847,2.253081083,1.340000033,1.059999943,4.5,0,71,20,195,822,1108,3784
8378563200,5/4/2016,7875,6.239999771,6.239999771,0,1.559999943,0.4900000095,4.199999809,0,19,10,167,680,876,3110
8378563200,5/5/2016,8567,6.789999962,6.789999962,2.253081083,0.8899999857,0.1599999964,5.739999771,0,66,3,214,764,1047,3783
8378563200,5/6/2016,7045,5.590000153,5.590000153,2.092147112,1.549999952,0.25,3.779999971,0,74,5,166,831,1076,3644
8378563200,5/7/2016,4468,3.539999962,3.539999962,0,0,0,3.539999962,0,0,0,158,851,1009,2799
8378563200,5/8/2016,2943,2.329999924,2.329999924,0,0,0,2.329999924,0,0,0,139,621,760,2685
8378563200,5/9/2016,8382,6.650000095,6.650000095,2.092147112,1.269999981,0.6600000262,4.71999979,0,71,13,171,772,1027,3721
8378563200,5/10/2016,6582,5.21999979,5.21999979,2.253081083,0.6600000262,0.6399999857,3.920000076,0,63,13,152,840,1068,3586
8378563200,5/11/2016,9143,7.25,7.25,2.092147112,1.389999986,0.5899999738,5.269999981,0,72,10,184,763,1029,3788
8378563200,5/12/2016,4561,3.619999886,3.619999886,0,0.6499999762,0.2700000107,2.690000057,0,8,6,102,433,549,1976
8583815059,4/12/2016,5014,3.910000086,3.910000086,0,0,0.3300000131,3.579999924,0,0,7,196,1237,1440,2650
8583815059,4/13/2016,5571,4.349999905,4.349999905,0,0.150000006,0.9700000286,3.230000019,0,2,23,163,1252,1440,2654
8583815059,4/14/2016,3135,2.450000048,2.450000048,0,0,0,2.430000067,0,0,0,134,1306,1440,2443
8583815059,4/15/2016,3430,2.680000067,2.680000067,0,0,0,0.8999999762,0,0,0,65,1375,1440,2505
8583815059,4/16/2016,5319,4.150000095,4.150000095,0,0,0,0,0,0,0,0,1440,1440,2693
8583815059,4/17/2016,3008,2.349999905,2.349999905,0,0,0,0,0,0,0,0,1440,1440,2439
8583815059,4/18/2016,3864,3.00999999,3.00999999,0,0.3100000024,1.059999943,1.350000024,0,4,22,105,1309,1440,2536
8583815059,4/19/2016,5697,4.440000057,4.440000057,0,0.5299999714,0.4799999893,3.440000057,0,7,10,166,1257,1440,2668
8583815059,4/20/2016,5273,4.110000134,4.110000134,0,0,1.039999962,3.069999933,0,0,27,167,1246,1440,2647
8583815059,4/21/2016,8538,6.659999847,6.659999847,0,2.630000114,1.019999981,3.00999999,0,35,18,158,1229,1440,2883
8583815059,4/22/2016,8687,6.78000021,6.78000021,0,0.2899999917,2.410000086,4.079999924,0,4,54,212,1170,1440,2944
8583815059,4/23/2016,9423,7.349999905,7.349999905,0,0.5299999714,2.029999971,4.75,0,7,44,238,1151,1440,3012
8583815059,4/24/2016,8286,6.460000038,6.460000038,0,0.150000006,2.049999952,4.269999981,0,2,44,206,1188,1440,2889
8583815059,4/25/2016,4503,3.50999999,3.50999999,0,1.470000029,0.2399999946,1.809999943,0,18,6,122,1294,1440,2547
8583815059,4/26/2016,10499,8.18999958,8.18999958,0,0.0700000003,4.21999979,3.890000105,0,1,91,214,1134,1440,3093
8583815059,4/27/2016,12474,9.729999542,9.729999542,0,6.599999905,0.2700000107,2.869999886,0,77,5,129,1229,1440,3142
8583815059,4/28/2016,6174,4.820000172,4.820000172,0,0,1.200000048,3.609999895,0,0,28,203,1209,1440,2757
8583815059,4/29/2016,15168,11.82999992,11.82999992,0,3.900000095,3,4.920000076,0,46,67,258,1069,1440,3513
8583815059,4/30/2016,10085,7.869999886,7.869999886,0,0.150000006,1.279999971,6.429999828,0,2,28,317,1093,1440,3164
8583815059,5/1/2016,4512,3.519999981,3.519999981,0,0.7799999714,0.1199999973,2.039999962,0,10,2,117,1311,1440,2596
8583815059,5/2/2016,8469,6.610000134,6.610000134,0,0,0,0,0,0,0,0,1440,1440,2894
8583815059,5/3/2016,12015,9.369999886,9.369999886,0,0,0,0,0,0,0,0,1440,1440,3212
8583815059,5/4/2016,3588,2.799999952,2.799999952,0,0,0,0,0,0,0,0,1440,1440,2516
8583815059,5/5/2016,12427,9.68999958,9.68999958,0,0,0,1.179999948,0,0,0,70,1370,1440,3266
8583815059,5/6/2016,5843,4.559999943,4.559999943,0,0.1400000006,1.190000057,3.230000019,0,2,22,166,1250,1440,2683
8583815059,5/7/2016,6117,4.769999981,4.769999981,0,0,0,4.769999981,0,0,0,250,1190,1440,2810
8583815059,5/8/2016,9217,7.190000057,7.190000057,0,0.2199999988,3.309999943,3.660000086,0,3,72,182,1183,1440,2940
8583815059,5/9/2016,9877,7.699999809,7.699999809,0,5.760000229,0.1700000018,1.730000019,0,66,4,110,1260,1440,2947
8583815059,5/10/2016,8240,6.429999828,6.429999828,0,0.6899999976,2.00999999,3.720000029,0,9,43,162,1226,1440,2846
8583815059,5/11/2016,8701,6.789999962,6.789999962,0,0.3700000048,3.24000001,3.170000076,0,5,71,177,1106,1359,2804
8583815059,5/12/2016,0,0,0,0,0,0,0,0,0,0,0,1440,1440,0
8792009665,4/12/2016,2564,1.639999986,1.639999986,0,0,0,1.639999986,0,0,0,116,831,947,2044
8792009665,4/13/2016,1320,0.8399999738,0.8399999738,0,0,0,0.8399999738,0,0,0,82,806,888,1934
8792009665,4/14/2016,1219,0.7799999714,0.7799999714,0,0,0,0.7799999714,0,0,0,84,853,937,1963
8792009665,4/15/2016,2483,1.590000033,1.590000033,0,0,0,1.590000033,0,0,0,126,937,1063,2009
8792009665,4/16/2016,244,0.1599999964,0.1599999964,0,0,0,0.1599999964,0,0,0,12,1428,1440,1721
8792009665,4/17/2016,0,0,0,0,0,0,0,0,0,0,0,1440,1440,1688
8792009665,4/18/2016,0,0,0,0,0,0,0,0,0,0,0,1440,1440,1688
8792009665,4/19/2016,0,0,0,0,0,0,0,0,0,0,0,1440,1440,1688
8792009665,4/20/2016,3147,2.00999999,2.00999999,0,0,0.2800000012,1.74000001,0,0,10,139,744,893,2188
8792009665,4/21/2016,144,0.09000000358,0.09000000358,0,0,0,0.09000000358,0,0,0,9,1431,1440,1720
8792009665,4/22/2016,4068,2.599999905,2.599999905,0,0.05000000075,0.2800000012,2.269999981,0,1,20,195,817,1033,2419
8792009665,4/23/2016,5245,3.359999895,3.359999895,0,0.1599999964,0.4399999976,2.75,0,8,45,232,795,1080,2748
8792009665,4/24/2016,400,0.2599999905,0.2599999905,0,0.03999999911,0.05000000075,0.1599999964,0,3,8,19,1410,1440,1799
8792009665,4/25/2016,0,0,0,0,0,0,0,0,0,0,0,1440,1440,1688
8792009665,4/26/2016,1321,0.8500000238,0.8500000238,0,0,0,0.8500000238,0,0,0,80,1360,1440,1928
8792009665,4/27/2016,1758,1.129999995,1.129999995,0,0,0,1.129999995,0,0,0,112,900,1012,2067
8792009665,4/28/2016,6157,3.940000057,3.940000057,0,0,0,3.940000057,0,0,0,310,714,1024,2780
8792009665,4/29/2016,8360,5.349999905,5.349999905,0,0.1400000006,0.2800000012,4.929999828,0,6,14,380,634,1034,3101
8792009665,4/30/2016,7174,4.590000153,4.590000153,0,0.3300000131,0.3600000143,3.910000086,0,10,20,301,749,1080,2896
8792009665,5/1/2016,1619,1.039999962,1.039999962,0,0,0,1.039999962,0,0,0,79,834,913,1962
8792009665,5/2/2016,1831,1.169999957,1.169999957,0,0,0,1.169999957,0,0,0,101,916,1017,2015
8792009665,5/3/2016,2421,1.549999952,1.549999952,0,0,0,1.549999952,0,0,0,156,739,895,2297
8792009665,5/4/2016,2283,1.460000038,1.460000038,0,0,0,1.460000038,0,0,0,129,848,977,2067
8792009665,5/5/2016,0,0,0,0,0,0,0,0,0,0,0,1440,1440,1688
8792009665,5/6/2016,0,0,0,0,0,0,0,0,0,0,0,1440,1440,1688
8792009665,5/7/2016,0,0,0,0,0,0,0,0,0,0,0,1440,1440,1688
8792009665,5/8/2016,0,0,0,0,0,0,0,0,0,0,0,1440,1440,1688
8792009665,5/9/2016,0,0,0,0,0,0,0,0,0,0,0,1440,1440,1688
8792009665,5/10/2016,0,0,0,0,0,0,0,0,0,0,0,48,48,57
8877689391,4/12/2016,23186,20.39999962,20.39999962,0,12.22000027,0.3400000036,7.820000172,0,85,7,312,1036,1440,3921
8877689391,4/13/2016,15337,9.579999924,9.579999924,0,3.549999952,0.3799999952,5.639999866,0,108,18,216,1098,1440,3566
8877689391,4/14/2016,21129,18.97999954,18.97999954,0,10.55000019,0.5899999738,7.75,0.01999999955,68,13,298,1061,1440,3793
8877689391,4/15/2016,13422,7.170000076,7.170000076,0,0.05000000075,0.05000000075,7.010000229,0.009999999776,106,1,281,1052,1440,3934
8877689391,4/16/2016,29326,25.29000092,25.29000092,0,13.23999977,1.210000038,10.71000004,0,94,29,429,888,1440,4547
8877689391,4/17/2016,15118,8.869999886,8.869999886,0,0,0.0700000003,8.789999962,0,58,15,307,1060,1440,3545
8877689391,4/18/2016,11423,8.670000076,8.670000076,0,2.440000057,0.2700000107,5.940000057,0,29,5,191,1215,1440,2761
8877689391,4/19/2016,18785,17.39999962,17.39999962,0,12.14999962,0.1800000072,5.03000021,0,82,13,214,1131,1440,3676
8877689391,4/20/2016,19948,18.11000061,18.11000061,0,11.02000046,0.6899999976,6.340000153,0,73,19,225,1123,1440,3679
8877689391,4/21/2016,19377,17.62000084,17.62000084,0,12.28999996,0.4199999869,4.889999866,0,82,13,226,1119,1440,3659
8877689391,4/22/2016,18258,16.30999947,16.30999947,0,10.22999954,0.02999999933,5.96999979,0.05000000075,61,2,236,1141,1440,3427
8877689391,4/23/2016,11200,7.429999828,7.429999828,0,0,0,7.400000095,0.009999999776,102,6,300,1032,1440,3891
8877689391,4/24/2016,16674,15.73999977,15.73999977,0,11.01000023,0.009999999776,4.690000057,0,64,1,227,1148,1440,3455
8877689391,4/25/2016,12986,8.739999771,8.739999771,0,2.369999886,0.0700000003,6.269999981,0.009999999776,113,8,218,1101,1440,3802
8877689391,4/26/2016,11101,8.430000305,8.430000305,0,1.75999999,0.1299999952,6.5,0,22,3,258,1157,1440,2860
8877689391,4/27/2016,23629,20.64999962,20.64999962,0,13.06999969,0.4399999976,7.099999905,0,93,8,235,1104,1440,3808
8877689391,4/28/2016,14890,11.30000019,11.30000019,0,4.929999828,0.3799999952,5.96999979,0,58,8,231,1143,1440,3060
8877689391,4/29/2016,9733,7.389999866,7.389999866,0,1.379999995,0.1700000018,5.789999962,0,18,5,210,1207,1440,2698
8877689391,4/30/2016,27745,26.71999931,26.71999931,0,21.65999985,0.07999999821,4.929999828,0,124,4,223,1089,1440,4398
8877689391,5/1/2016,10930,8.319999695,8.319999695,0,3.130000114,0.5699999928,4.570000172,0,36,12,166,1226,1440,2786
8877689391,5/2/2016,4790,3.640000105,3.640000105,0,0,0,3.559999943,0,0,0,105,1335,1440,2189
8877689391,5/3/2016,10818,8.210000038,8.210000038,0,1.389999986,0.1000000015,6.670000076,0.009999999776,19,3,229,1189,1440,2817
8877689391,5/4/2016,18193,16.29999924,16.29999924,0,10.42000008,0.3100000024,5.53000021,0,66,8,212,1154,1440,3477
8877689391,5/5/2016,14055,10.67000008,10.67000008,0,5.460000038,0.8199999928,4.369999886,0,67,15,188,1170,1440,3052
8877689391,5/6/2016,21727,19.34000015,19.34000015,0,12.78999996,0.2899999917,6.159999847,0,96,17,232,1095,1440,4015
8877689391,5/7/2016,12332,8.130000114,8.130000114,0,0.07999999821,0.9599999785,6.989999771,0,105,28,271,1036,1440,4142
8877689391,5/8/2016,10686,8.109999657,8.109999657,0,1.080000043,0.200000003,6.800000191,0,17,4,245,1174,1440,2847
8877689391,5/9/2016,20226,18.25,18.25,0,11.10000038,0.8000000119,6.239999771,0.05000000075,73,19,217,1131,1440,3710
8877689391,5/10/2016,10733,8.149999619,8.149999619,0,1.350000024,0.4600000083,6.28000021,0,18,11,224,1187,1440,2832
8877689391,5/11/2016,21420,19.55999947,19.55999947,0,13.22000027,0.4099999964,5.889999866,0,88,12,213,1127,1440,3832
8877689391,5/12/2016,8064,6.119999886,6.119999886,0,1.820000052,0.03999999911,4.25,0,23,1,137,770,931,1849